program_name,mission_type,orbit_class,fiscal_year,phase,development_spend_musd,production_spend_musd,ops_spend_musd,maintenance_spend_musd,disposal_spend_musd,total_annual_cost_musd
Comsat-1A,Communications,GEO,1998,Development/Production,14.48,0,0,0,0,14.48
Comsat-1A,Communications,GEO,1999,Development/Production,28.95,0,0,0,0,28.95
Comsat-1A,Communications,GEO,2000,Development/Production,52.11,0,0,0,0,52.11
Comsat-1A,Communications,GEO,2001,Development/Production,63.69,0,0,0,0,63.69
Comsat-1A,Communications,GEO,2002,Development/Production,57.9,0,0,0,0,57.9
Comsat-1A,Communications,GEO,2003,Development/Production,37.64,61.14,0,0,0,98.78
Comsat-1A,Communications,GEO,2004,Development/Production,23.16,50.03,0,0,0,73.19
Comsat-1A,Communications,GEO,2005,Operations,0,0,40.8,17.04,0,57.84
Comsat-1A,Communications,GEO,2006,Operations,0,0,40.8,17.55,0,58.35
Comsat-1A,Communications,GEO,2007,Operations,0,0,40.8,18.06,0,58.86
Comsat-1A,Communications,GEO,2008,Operations,0,0,40.8,18.57,0,59.37
Comsat-1A,Communications,GEO,2009,Operations,0,0,40.8,19.08,0,59.88
Comsat-1A,Communications,GEO,2010,Operations,0,0,40.8,19.6,0,60.4
Comsat-1A,Communications,GEO,2011,Operations,0,0,40.8,20.11,0,60.91
Comsat-1A,Communications,GEO,2012,Operations,0,0,40.8,20.62,0,61.42
Comsat-1A,Communications,GEO,2013,Operations,0,0,40.8,21.13,0,61.93
Comsat-1A,Communications,GEO,2014,Operations,0,0,40.8,21.64,0,62.44
Comsat-1A,Communications,GEO,2015,Operations,0,0,40.8,22.15,0,62.95
Comsat-1A,Communications,GEO,2016,Operations,0,0,40.8,22.66,0,63.46
Comsat-1A,Communications,GEO,2017,Operations,0,0,40.8,23.17,0,63.97
Comsat-1A,Communications,GEO,2018,Operations,0,0,40.8,23.69,0,64.49
Comsat-1A,Communications,GEO,2019,Operations,0,0,40.8,24.2,0,65
Comsat-1A,Communications,GEO,2021,Disposal,0,0,0,0,21.7,21.7
Comsat-2B,Communications,GEO,2001,Development/Production,16.29,0,0,0,0,16.29
Comsat-2B,Communications,GEO,2002,Development/Production,32.58,0,0,0,0,32.58
Comsat-2B,Communications,GEO,2003,Development/Production,58.64,0,0,0,0,58.64
Comsat-2B,Communications,GEO,2004,Development/Production,71.67,0,0,0,0,71.67
Comsat-2B,Communications,GEO,2005,Development/Production,65.16,0,0,0,0,65.16
Comsat-2B,Communications,GEO,2006,Development/Production,42.35,68.81,0,0,0,111.16
Comsat-2B,Communications,GEO,2007,Development/Production,26.07,56.29,0,0,0,82.36
Comsat-2B,Communications,GEO,2008,Operations,0,0,43.6,18.12,0,61.72
Comsat-2B,Communications,GEO,2009,Operations,0,0,43.6,18.66,0,62.26
Comsat-2B,Communications,GEO,2010,Operations,0,0,43.6,19.21,0,62.81
Comsat-2B,Communications,GEO,2011,Operations,0,0,43.6,19.75,0,63.35
Comsat-2B,Communications,GEO,2012,Operations,0,0,43.6,20.29,0,63.89
Comsat-2B,Communications,GEO,2013,Operations,0,0,43.6,20.84,0,64.44
Comsat-2B,Communications,GEO,2014,Operations,0,0,43.6,21.38,0,64.98
Comsat-2B,Communications,GEO,2015,Operations,0,0,43.6,21.93,0,65.53
Comsat-2B,Communications,GEO,2016,Operations,0,0,43.6,22.47,0,66.07
Comsat-2B,Communications,GEO,2017,Operations,0,0,43.6,23.01,0,66.61
Comsat-2B,Communications,GEO,2018,Operations,0,0,43.6,23.56,0,67.16
Comsat-2B,Communications,GEO,2019,Operations,0,0,43.6,24.1,0,67.7
Comsat-2B,Communications,GEO,2020,Operations,0,0,43.6,24.64,0,68.24
Comsat-2B,Communications,GEO,2021,Operations,0,0,43.6,25.19,0,68.79
Comsat-2B,Communications,GEO,2022,Operations,0,0,43.6,25.73,0,69.33
Comsat-2B,Communications,GEO,2024,Disposal,0,0,0,0,22.2,22.2
Comsat-3C,Communications,GEO,2004,Development/Production,19.2,0,0,0,0,19.2
Comsat-3C,Communications,GEO,2005,Development/Production,38.4,0,0,0,0,38.4
Comsat-3C,Communications,GEO,2006,Development/Production,69.12,0,0,0,0,69.12
Comsat-3C,Communications,GEO,2007,Development/Production,84.48,0,0,0,0,84.48
Comsat-3C,Communications,GEO,2008,Development/Production,76.8,0,0,0,0,76.8
Comsat-3C,Communications,GEO,2009,Development/Production,49.92,81.1,0,0,0,131.02
Comsat-3C,Communications,GEO,2010,Development/Production,30.74,66.36,0,0,0,97.1
Comsat-3C,Communications,GEO,2011,Operations,0,0,45,18.96,0,63.96
Comsat-3C,Communications,GEO,2012,Operations,0,0,45,19.53,0,64.53
Comsat-3C,Communications,GEO,2013,Operations,0,0,45,20.1,0,65.1
Comsat-3C,Communications,GEO,2014,Operations,0,0,45,20.67,0,65.67
Comsat-3C,Communications,GEO,2015,Operations,0,0,45,21.24,0,66.24
Comsat-3C,Communications,GEO,2016,Operations,0,0,45,21.8,0,66.8
Comsat-3C,Communications,GEO,2017,Operations,0,0,45,22.37,0,67.37
Comsat-3C,Communications,GEO,2018,Operations,0,0,45,22.94,0,67.94
Comsat-3C,Communications,GEO,2019,Operations,0,0,45,23.51,0,68.51
Comsat-3C,Communications,GEO,2020,Operations,0,0,45,24.08,0,69.08
Comsat-3C,Communications,GEO,2021,Operations,0,0,45,24.65,0,69.65
Comsat-3C,Communications,GEO,2022,Operations,0,0,45,25.22,0,70.22
Comsat-3C,Communications,GEO,2023,Operations,0,0,45,25.79,0,70.79
Comsat-3C,Communications,GEO,2024,Operations,0,0,45,26.35,0,71.35
Comsat-3C,Communications,GEO,2025,Operations,0,0,45,26.92,0,71.92
Comsat-3C,Communications,GEO,2026,Operations,0,0,45,27.49,0,72.49
Comsat-3C,Communications,GEO,2027,Operations,0,0,45,28.06,0,73.06
Comsat-3C,Communications,GEO,2029,Disposal,0,0,0,0,22.9,22.9
Comsat-4D,Communications,GEO,2007,Development/Production,22.01,0,0,0,0,22.01
Comsat-4D,Communications,GEO,2008,Development/Production,44.02,0,0,0,0,44.02
Comsat-4D,Communications,GEO,2009,Development/Production,79.25,0,0,0,0,79.25
Comsat-4D,Communications,GEO,2010,Development/Production,96.86,0,0,0,0,96.86
Comsat-4D,Communications,GEO,2011,Development/Production,88.05,0,0,0,0,88.05
Comsat-4D,Communications,GEO,2012,Development/Production,57.23,92.98,0,0,0,150.21
Comsat-4D,Communications,GEO,2013,Development/Production,35.22,76.08,0,0,0,111.3
Comsat-4D,Communications,GEO,2014,Operations,0,0,48.12,19.68,0,67.8
Comsat-4D,Communications,GEO,2015,Operations,0,0,48.12,20.27,0,68.39
Comsat-4D,Communications,GEO,2016,Operations,0,0,48.12,20.86,0,68.98
Comsat-4D,Communications,GEO,2017,Operations,0,0,48.12,21.45,0,69.57
Comsat-4D,Communications,GEO,2018,Operations,0,0,48.12,22.04,0,70.16
Comsat-4D,Communications,GEO,2019,Operations,0,0,48.12,22.63,0,70.75
Comsat-4D,Communications,GEO,2020,Operations,0,0,48.12,23.22,0,71.34
Comsat-4D,Communications,GEO,2021,Operations,0,0,48.12,23.81,0,71.93
Comsat-4D,Communications,GEO,2022,Operations,0,0,48.12,24.4,0,72.52
Comsat-4D,Communications,GEO,2023,Operations,0,0,48.12,24.99,0,73.11
Comsat-4D,Communications,GEO,2024,Operations,0,0,48.12,25.58,0,73.7
Comsat-4D,Communications,GEO,2025,Operations,0,0,48.12,26.17,0,74.29
Comsat-4D,Communications,GEO,2026,Operations,0,0,48.12,26.76,0,74.88
Comsat-4D,Communications,GEO,2027,Operations,0,0,48.12,27.36,0,75.48
Comsat-4D,Communications,GEO,2028,Operations,0,0,48.12,27.95,0,76.07
Comsat-4D,Communications,GEO,2029,Operations,0,0,48.12,28.54,0,76.66
Comsat-4D,Communications,GEO,2030,Operations,0,0,48.12,29.13,0,77.25
Comsat-4D,Communications,GEO,2031,Operations,0,0,48.12,29.72,0,77.84
Comsat-4D,Communications,GEO,2033,Disposal,0,0,0,0,23.56,23.56
Comsat-5E,Communications,GEO,2010,Development/Production,24.13,0,0,0,0,24.13
Comsat-5E,Communications,GEO,2011,Development/Production,48.26,0,0,0,0,48.26
Comsat-5E,Communications,GEO,2012,Development/Production,86.87,0,0,0,0,86.87
Comsat-5E,Communications,GEO,2013,Development/Production,106.18,0,0,0,0,106.18
Comsat-5E,Communications,GEO,2014,Development/Production,96.53,0,0,0,0,96.53
Comsat-5E,Communications,GEO,2015,Development/Production,62.74,101.93,0,0,0,164.67
Comsat-5E,Communications,GEO,2016,Development/Production,38.61,83.4,0,0,0,122.01
Comsat-5E,Communications,GEO,2017,Operations,0,0,49.4,20.4,0,69.8
Comsat-5E,Communications,GEO,2018,Operations,0,0,49.4,21.01,0,70.41
Comsat-5E,Communications,GEO,2019,Operations,0,0,49.4,21.62,0,71.02
Comsat-5E,Communications,GEO,2020,Operations,0,0,49.4,22.24,0,71.64
Comsat-5E,Communications,GEO,2021,Operations,0,0,49.4,22.85,0,72.25
Comsat-5E,Communications,GEO,2022,Operations,0,0,49.4,23.46,0,72.86
Comsat-5E,Communications,GEO,2023,Operations,0,0,49.4,24.07,0,73.47
Comsat-5E,Communications,GEO,2024,Operations,0,0,49.4,24.68,0,74.08
Comsat-5E,Communications,GEO,2025,Operations,0,0,49.4,25.3,0,74.7
Comsat-5E,Communications,GEO,2026,Operations,0,0,49.4,25.91,0,75.31
Comsat-5E,Communications,GEO,2027,Operations,0,0,49.4,26.52,0,75.92
Comsat-5E,Communications,GEO,2028,Operations,0,0,49.4,27.13,0,76.53
Comsat-5E,Communications,GEO,2029,Operations,0,0,49.4,27.74,0,77.14
Comsat-5E,Communications,GEO,2030,Operations,0,0,49.4,28.36,0,77.76
Comsat-5E,Communications,GEO,2031,Operations,0,0,49.4,28.97,0,78.37
Comsat-5E,Communications,GEO,2032,Operations,0,0,49.4,29.58,0,78.98
Comsat-5E,Communications,GEO,2033,Operations,0,0,49.4,30.19,0,79.59
Comsat-5E,Communications,GEO,2034,Operations,0,0,49.4,30.8,0,80.2
Comsat-5E,Communications,GEO,2036,Disposal,0,0,0,0,24.2,24.2
DeepSpace-1,Science,Interplanetary,2003,Development/Production,6.49,0,0,0,0,6.49
DeepSpace-1,Science,Interplanetary,2004,Development/Production,12.98,0,0,0,0,12.98
DeepSpace-1,Science,Interplanetary,2005,Development/Production,23.36,0,0,0,0,23.36
DeepSpace-1,Science,Interplanetary,2006,Development/Production,28.55,0,0,0,0,28.55
DeepSpace-1,Science,Interplanetary,2007,Development/Production,25.96,25.13,0,0,0,51.09
DeepSpace-1,Science,Interplanetary,2008,Development/Production,16.88,20.56,0,0,0,37.44
DeepSpace-1,Science,Interplanetary,2009,Operations,0,0,52.92,25.76,0,78.68
DeepSpace-1,Science,Interplanetary,2010,Operations,0,0,52.92,26.53,0,79.45
DeepSpace-1,Science,Interplanetary,2011,Operations,0,0,52.92,27.31,0,80.23
DeepSpace-1,Science,Interplanetary,2012,Operations,0,0,52.92,28.08,0,81
DeepSpace-1,Science,Interplanetary,2013,Operations,0,0,52.92,28.85,0,81.77
DeepSpace-1,Science,Interplanetary,2014,Operations,0,0,52.92,29.62,0,82.54
DeepSpace-1,Science,Interplanetary,2015,Operations,0,0,52.92,30.4,0,83.32
DeepSpace-1,Science,Interplanetary,2016,Operations,0,0,52.92,31.17,0,84.09
DeepSpace-1,Science,Interplanetary,2018,Disposal,0,0,0,0,6.16,6.16
DeepSpace-2,Science,Interplanetary,2007,Development/Production,8.34,0,0,0,0,8.34
DeepSpace-2,Science,Interplanetary,2008,Development/Production,16.68,0,0,0,0,16.68
DeepSpace-2,Science,Interplanetary,2009,Development/Production,30.03,0,0,0,0,30.03
DeepSpace-2,Science,Interplanetary,2010,Development/Production,36.7,0,0,0,0,36.7
DeepSpace-2,Science,Interplanetary,2011,Development/Production,33.37,32.3,0,0,0,65.67
DeepSpace-2,Science,Interplanetary,2012,Development/Production,21.7,26.43,0,0,0,48.13
DeepSpace-2,Science,Interplanetary,2013,Operations,0,0,55.28,26.72,0,82
DeepSpace-2,Science,Interplanetary,2014,Operations,0,0,55.28,27.52,0,82.8
DeepSpace-2,Science,Interplanetary,2015,Operations,0,0,55.28,28.32,0,83.6
DeepSpace-2,Science,Interplanetary,2016,Operations,0,0,55.28,29.12,0,84.4
DeepSpace-2,Science,Interplanetary,2017,Operations,0,0,55.28,29.93,0,85.21
DeepSpace-2,Science,Interplanetary,2018,Operations,0,0,55.28,30.73,0,86.01
DeepSpace-2,Science,Interplanetary,2019,Operations,0,0,55.28,31.53,0,86.81
DeepSpace-2,Science,Interplanetary,2020,Operations,0,0,55.28,32.33,0,87.61
DeepSpace-2,Science,Interplanetary,2021,Operations,0,0,55.28,33.13,0,88.41
DeepSpace-2,Science,Interplanetary,2022,Operations,0,0,55.28,33.93,0,89.21
DeepSpace-2,Science,Interplanetary,2024,Disposal,0,0,0,0,6.44,6.44
DeepSpace-3,Science,Interplanetary,2012,Development/Production,7.82,0,0,0,0,7.82
DeepSpace-3,Science,Interplanetary,2013,Development/Production,15.64,0,0,0,0,15.64
DeepSpace-3,Science,Interplanetary,2014,Development/Production,28.16,0,0,0,0,28.16
DeepSpace-3,Science,Interplanetary,2015,Development/Production,34.41,0,0,0,0,34.41
DeepSpace-3,Science,Interplanetary,2016,Development/Production,31.28,30.28,0,0,0,61.56
DeepSpace-3,Science,Interplanetary,2017,Development/Production,20.34,24.78,0,0,0,45.12
DeepSpace-3,Science,Interplanetary,2018,Operations,0,0,57.76,27.68,0,85.44
DeepSpace-3,Science,Interplanetary,2019,Operations,0,0,57.76,28.51,0,86.27
DeepSpace-3,Science,Interplanetary,2020,Operations,0,0,57.76,29.34,0,87.1
DeepSpace-3,Science,Interplanetary,2021,Operations,0,0,57.76,30.17,0,87.93
DeepSpace-3,Science,Interplanetary,2022,Operations,0,0,57.76,31,0,88.76
DeepSpace-3,Science,Interplanetary,2023,Operations,0,0,57.76,31.83,0,89.59
DeepSpace-3,Science,Interplanetary,2024,Operations,0,0,57.76,32.66,0,90.42
DeepSpace-3,Science,Interplanetary,2025,Operations,0,0,57.76,33.49,0,91.25
DeepSpace-3,Science,Interplanetary,2026,Operations,0,0,57.76,34.32,0,92.08
DeepSpace-3,Science,Interplanetary,2027,Operations,0,0,57.76,35.15,0,92.91
DeepSpace-3,Science,Interplanetary,2028,Operations,0,0,57.76,35.98,0,93.74
DeepSpace-3,Science,Interplanetary,2029,Operations,0,0,57.76,36.81,0,94.57
DeepSpace-3,Science,Interplanetary,2031,Disposal,0,0,0,0,6.78,6.78
EarthObs-1,Earth Observation,LEO,1997,Development/Production,5.44,0,0,0,0,5.44
EarthObs-1,Earth Observation,LEO,1998,Development/Production,10.89,0,0,0,0,10.89
EarthObs-1,Earth Observation,LEO,1999,Development/Production,19.6,0,0,0,0,19.6
EarthObs-1,Earth Observation,LEO,2000,Development/Production,23.95,0,0,0,0,23.95
EarthObs-1,Earth Observation,LEO,2001,Development/Production,21.78,21.08,0,0,0,42.86
EarthObs-1,Earth Observation,LEO,2002,Development/Production,14.16,17.25,0,0,0,31.41
EarthObs-1,Earth Observation,LEO,2003,Operations,0,0,29.72,18.72,0,48.44
EarthObs-1,Earth Observation,LEO,2004,Operations,0,0,29.72,19.28,0,49
EarthObs-1,Earth Observation,LEO,2005,Operations,0,0,29.72,19.84,0,49.56
EarthObs-1,Earth Observation,LEO,2006,Operations,0,0,29.72,20.4,0,50.12
EarthObs-1,Earth Observation,LEO,2007,Operations,0,0,29.72,20.97,0,50.69
EarthObs-1,Earth Observation,LEO,2008,Operations,0,0,29.72,21.53,0,51.25
EarthObs-1,Earth Observation,LEO,2009,Operations,0,0,29.72,22.09,0,51.81
EarthObs-1,Earth Observation,LEO,2011,Disposal,0,0,0,0,9.36,9.36
EarthObs-2,Earth Observation,LEO,1999,Development/Production,5.8,0,0,0,0,5.8
EarthObs-2,Earth Observation,LEO,2000,Development/Production,11.59,0,0,0,0,11.59
EarthObs-2,Earth Observation,LEO,2001,Development/Production,20.87,0,0,0,0,20.87
EarthObs-2,Earth Observation,LEO,2002,Development/Production,25.5,0,0,0,0,25.5
EarthObs-2,Earth Observation,LEO,2003,Development/Production,23.19,22.45,0,0,0,45.64
EarthObs-2,Earth Observation,LEO,2004,Development/Production,15.07,18.36,0,0,0,33.43
EarthObs-2,Earth Observation,LEO,2005,Operations,0,0,31.68,19.08,0,50.76
EarthObs-2,Earth Observation,LEO,2006,Operations,0,0,31.68,19.65,0,51.33
EarthObs-2,Earth Observation,LEO,2007,Operations,0,0,31.68,20.22,0,51.9
EarthObs-2,Earth Observation,LEO,2008,Operations,0,0,31.68,20.8,0,52.48
EarthObs-2,Earth Observation,LEO,2009,Operations,0,0,31.68,21.37,0,53.05
EarthObs-2,Earth Observation,LEO,2010,Operations,0,0,31.68,21.94,0,53.62
EarthObs-2,Earth Observation,LEO,2011,Operations,0,0,31.68,22.51,0,54.19
EarthObs-2,Earth Observation,LEO,2013,Disposal,0,0,0,0,9.44,9.44
EarthObs-3,Earth Observation,LEO,2002,Development/Production,6.66,0,0,0,0,6.66
EarthObs-3,Earth Observation,LEO,2003,Development/Production,13.33,0,0,0,0,13.33
EarthObs-3,Earth Observation,LEO,2004,Development/Production,23.99,0,0,0,0,23.99
EarthObs-3,Earth Observation,LEO,2005,Development/Production,29.32,0,0,0,0,29.32
EarthObs-3,Earth Observation,LEO,2006,Development/Production,26.65,25.8,0,0,0,52.45
EarthObs-3,Earth Observation,LEO,2007,Development/Production,17.32,21.11,0,0,0,38.43
EarthObs-3,Earth Observation,LEO,2008,Operations,0,0,32.04,19.68,0,51.72
EarthObs-3,Earth Observation,LEO,2009,Operations,0,0,32.04,20.27,0,52.31
EarthObs-3,Earth Observation,LEO,2010,Operations,0,0,32.04,20.86,0,52.9
EarthObs-3,Earth Observation,LEO,2011,Operations,0,0,32.04,21.45,0,53.49
EarthObs-3,Earth Observation,LEO,2012,Operations,0,0,32.04,22.04,0,54.08
EarthObs-3,Earth Observation,LEO,2013,Operations,0,0,32.04,22.63,0,54.67
EarthObs-3,Earth Observation,LEO,2014,Operations,0,0,32.04,23.22,0,55.26
EarthObs-3,Earth Observation,LEO,2015,Operations,0,0,32.04,23.81,0,55.85
EarthObs-3,Earth Observation,LEO,2017,Disposal,0,0,0,0,9.62,9.62
EarthObs-4,Earth Observation,LEO,2005,Development/Production,7.24,0,0,0,0,7.24
EarthObs-4,Earth Observation,LEO,2006,Development/Production,14.48,0,0,0,0,14.48
EarthObs-4,Earth Observation,LEO,2007,Development/Production,26.06,0,0,0,0,26.06
EarthObs-4,Earth Observation,LEO,2008,Development/Production,31.85,0,0,0,0,31.85
EarthObs-4,Earth Observation,LEO,2009,Development/Production,28.96,28.03,0,0,0,56.99
EarthObs-4,Earth Observation,LEO,2010,Development/Production,18.82,22.93,0,0,0,41.75
EarthObs-4,Earth Observation,LEO,2011,Operations,0,0,34.4,20.4,0,54.8
EarthObs-4,Earth Observation,LEO,2012,Operations,0,0,34.4,21.01,0,55.41
EarthObs-4,Earth Observation,LEO,2013,Operations,0,0,34.4,21.62,0,56.02
EarthObs-4,Earth Observation,LEO,2014,Operations,0,0,34.4,22.24,0,56.64
EarthObs-4,Earth Observation,LEO,2015,Operations,0,0,34.4,22.85,0,57.25
EarthObs-4,Earth Observation,LEO,2016,Operations,0,0,34.4,23.46,0,57.86
EarthObs-4,Earth Observation,LEO,2017,Operations,0,0,34.4,24.07,0,58.47
EarthObs-4,Earth Observation,LEO,2018,Operations,0,0,34.4,24.68,0,59.08
EarthObs-4,Earth Observation,LEO,2020,Disposal,0,0,0,0,9.9,9.9
EarthObs-5,Earth Observation,LEO,2008,Development/Production,8.5,0,0,0,0,8.5
EarthObs-5,Earth Observation,LEO,2009,Development/Production,16.99,0,0,0,0,16.99
EarthObs-5,Earth Observation,LEO,2010,Development/Production,30.59,0,0,0,0,30.59
EarthObs-5,Earth Observation,LEO,2011,Development/Production,37.39,0,0,0,0,37.39
EarthObs-5,Earth Observation,LEO,2012,Development/Production,33.99,32.9,0,0,0,66.89
EarthObs-5,Earth Observation,LEO,2013,Development/Production,22.09,26.92,0,0,0,49.01
EarthObs-5,Earth Observation,LEO,2014,Operations,0,0,34.8,20.76,0,55.56
EarthObs-5,Earth Observation,LEO,2015,Operations,0,0,34.8,21.38,0,56.18
EarthObs-5,Earth Observation,LEO,2016,Operations,0,0,34.8,22.01,0,56.81
EarthObs-5,Earth Observation,LEO,2017,Operations,0,0,34.8,22.63,0,57.43
EarthObs-5,Earth Observation,LEO,2018,Operations,0,0,34.8,23.25,0,58.05
EarthObs-5,Earth Observation,LEO,2019,Operations,0,0,34.8,23.87,0,58.67
EarthObs-5,Earth Observation,LEO,2020,Operations,0,0,34.8,24.5,0,59.3
EarthObs-5,Earth Observation,LEO,2021,Operations,0,0,34.8,25.12,0,59.92
EarthObs-5,Earth Observation,LEO,2022,Operations,0,0,34.8,25.74,0,60.54
EarthObs-5,Earth Observation,LEO,2023,Operations,0,0,34.8,26.37,0,61.17
EarthObs-5,Earth Observation,LEO,2025,Disposal,0,0,0,0,10.1,10.1
EarthObs-6,Earth Observation,LEO,2011,Development/Production,8.67,0,0,0,0,8.67
EarthObs-6,Earth Observation,LEO,2012,Development/Production,17.33,0,0,0,0,17.33
EarthObs-6,Earth Observation,LEO,2013,Development/Production,31.2,0,0,0,0,31.2
EarthObs-6,Earth Observation,LEO,2014,Development/Production,38.14,0,0,0,0,38.14
EarthObs-6,Earth Observation,LEO,2015,Development/Production,34.67,0,0,0,0,34.67
EarthObs-6,Earth Observation,LEO,2016,Development/Production,22.53,36.61,0,0,0,59.14
EarthObs-6,Earth Observation,LEO,2017,Development/Production,13.87,29.95,0,0,0,43.82
EarthObs-6,Earth Observation,LEO,2018,Operations,0,0,37.2,21.24,0,58.44
EarthObs-6,Earth Observation,LEO,2019,Operations,0,0,37.2,21.88,0,59.08
EarthObs-6,Earth Observation,LEO,2020,Operations,0,0,37.2,22.51,0,59.71
EarthObs-6,Earth Observation,LEO,2021,Operations,0,0,37.2,23.15,0,60.35
EarthObs-6,Earth Observation,LEO,2022,Operations,0,0,37.2,23.79,0,60.99
EarthObs-6,Earth Observation,LEO,2023,Operations,0,0,37.2,24.43,0,61.63
EarthObs-6,Earth Observation,LEO,2024,Operations,0,0,37.2,25.06,0,62.26
EarthObs-6,Earth Observation,LEO,2025,Operations,0,0,37.2,25.7,0,62.9
EarthObs-6,Earth Observation,LEO,2026,Operations,0,0,37.2,26.34,0,63.54
EarthObs-6,Earth Observation,LEO,2027,Operations,0,0,37.2,26.97,0,64.17
EarthObs-6,Earth Observation,LEO,2029,Disposal,0,0,0,0,10.4,10.4
EarthObs-7,Earth Observation,LEO,2014,Development/Production,8.75,0,0,0,0,8.75
EarthObs-7,Earth Observation,LEO,2015,Development/Production,17.5,0,0,0,0,17.5
EarthObs-7,Earth Observation,LEO,2016,Development/Production,31.51,0,0,0,0,31.51
EarthObs-7,Earth Observation,LEO,2017,Development/Production,38.51,0,0,0,0,38.51
EarthObs-7,Earth Observation,LEO,2018,Development/Production,35.01,0,0,0,0,35.01
EarthObs-7,Earth Observation,LEO,2019,Development/Production,22.76,36.97,0,0,0,59.73
EarthObs-7,Earth Observation,LEO,2020,Development/Production,14,30.25,0,0,0,44.25
EarthObs-7,Earth Observation,LEO,2021,Operations,0,0,37.92,21.72,0,59.64
EarthObs-7,Earth Observation,LEO,2022,Operations,0,0,37.92,22.37,0,60.29
EarthObs-7,Earth Observation,LEO,2023,Operations,0,0,37.92,23.02,0,60.94
EarthObs-7,Earth Observation,LEO,2024,Operations,0,0,37.92,23.67,0,61.59
EarthObs-7,Earth Observation,LEO,2025,Operations,0,0,37.92,24.33,0,62.25
EarthObs-7,Earth Observation,LEO,2026,Operations,0,0,37.92,24.98,0,62.9
EarthObs-7,Earth Observation,LEO,2027,Operations,0,0,37.92,25.63,0,63.55
EarthObs-7,Earth Observation,LEO,2028,Operations,0,0,37.92,26.28,0,64.2
EarthObs-7,Earth Observation,LEO,2029,Operations,0,0,37.92,26.93,0,64.85
EarthObs-7,Earth Observation,LEO,2030,Operations,0,0,37.92,27.58,0,65.5
EarthObs-7,Earth Observation,LEO,2031,Operations,0,0,37.92,28.24,0,66.16
EarthObs-7,Earth Observation,LEO,2032,Operations,0,0,37.92,28.89,0,66.81
EarthObs-7,Earth Observation,LEO,2034,Disposal,0,0,0,0,10.76,10.76
EarthObs-8,Earth Observation,LEO,2017,Development/Production,9.54,0,0,0,0,9.54
EarthObs-8,Earth Observation,LEO,2018,Development/Production,19.08,0,0,0,0,19.08
EarthObs-8,Earth Observation,LEO,2019,Development/Production,34.35,0,0,0,0,34.35
EarthObs-8,Earth Observation,LEO,2020,Development/Production,41.98,0,0,0,0,41.98
EarthObs-8,Earth Observation,LEO,2021,Development/Production,38.17,0,0,0,0,38.17
EarthObs-8,Earth Observation,LEO,2022,Development/Production,24.81,40.3,0,0,0,65.11
EarthObs-8,Earth Observation,LEO,2023,Development/Production,15.27,32.98,0,0,0,48.25
EarthObs-8,Earth Observation,LEO,2024,Operations,0,0,40.28,22.2,0,62.48
EarthObs-8,Earth Observation,LEO,2025,Operations,0,0,40.28,22.87,0,63.15
EarthObs-8,Earth Observation,LEO,2026,Operations,0,0,40.28,23.53,0,63.81
EarthObs-8,Earth Observation,LEO,2027,Operations,0,0,40.28,24.2,0,64.48
EarthObs-8,Earth Observation,LEO,2028,Operations,0,0,40.28,24.86,0,65.14
EarthObs-8,Earth Observation,LEO,2029,Operations,0,0,40.28,25.53,0,65.81
EarthObs-8,Earth Observation,LEO,2030,Operations,0,0,40.28,26.2,0,66.48
EarthObs-8,Earth Observation,LEO,2031,Operations,0,0,40.28,26.86,0,67.14
EarthObs-8,Earth Observation,LEO,2032,Operations,0,0,40.28,27.53,0,67.81
EarthObs-8,Earth Observation,LEO,2033,Operations,0,0,40.28,28.19,0,68.47
EarthObs-8,Earth Observation,LEO,2034,Operations,0,0,40.28,28.86,0,69.14
EarthObs-8,Earth Observation,LEO,2035,Operations,0,0,40.28,29.53,0,69.81
EarthObs-8,Earth Observation,LEO,2037,Disposal,0,0,0,0,11.04,11.04
MilSat-1,Military Surveillance,LEO,1997,Development/Production,6.89,0,0,0,0,6.89
MilSat-1,Military Surveillance,LEO,1998,Development/Production,13.78,0,0,0,0,13.78
MilSat-1,Military Surveillance,LEO,1999,Development/Production,24.8,0,0,0,0,24.8
MilSat-1,Military Surveillance,LEO,2000,Development/Production,30.31,0,0,0,0,30.31
MilSat-1,Military Surveillance,LEO,2001,Development/Production,27.55,26.67,0,0,0,54.22
MilSat-1,Military Surveillance,LEO,2002,Development/Production,17.9,21.82,0,0,0,39.72
MilSat-1,Military Surveillance,LEO,2003,Operations,0,0,33.2,21.96,0,55.16
MilSat-1,Military Surveillance,LEO,2004,Operations,0,0,33.2,22.62,0,55.82
MilSat-1,Military Surveillance,LEO,2005,Operations,0,0,33.2,23.28,0,56.48
MilSat-1,Military Surveillance,LEO,2006,Operations,0,0,33.2,23.94,0,57.14
MilSat-1,Military Surveillance,LEO,2007,Operations,0,0,33.2,24.6,0,57.8
MilSat-1,Military Surveillance,LEO,2008,Operations,0,0,33.2,25.25,0,58.45
MilSat-1,Military Surveillance,LEO,2009,Operations,0,0,33.2,25.91,0,59.11
MilSat-1,Military Surveillance,LEO,2011,Disposal,0,0,0,0,10.2,10.2
MilSat-2,Military Surveillance,LEO,2000,Development/Production,7.04,0,0,0,0,7.04
MilSat-2,Military Surveillance,LEO,2001,Development/Production,14.08,0,0,0,0,14.08
MilSat-2,Military Surveillance,LEO,2002,Development/Production,25.34,0,0,0,0,25.34
MilSat-2,Military Surveillance,LEO,2003,Development/Production,30.97,0,0,0,0,30.97
MilSat-2,Military Surveillance,LEO,2004,Development/Production,28.16,0,0,0,0,28.16
MilSat-2,Military Surveillance,LEO,2005,Development/Production,18.3,29.73,0,0,0,48.03
MilSat-2,Military Surveillance,LEO,2006,Development/Production,11.26,24.33,0,0,0,35.59
MilSat-2,Military Surveillance,LEO,2007,Operations,0,0,35.6,22.44,0,58.04
MilSat-2,Military Surveillance,LEO,2008,Operations,0,0,35.6,23.11,0,58.71
MilSat-2,Military Surveillance,LEO,2009,Operations,0,0,35.6,23.79,0,59.39
MilSat-2,Military Surveillance,LEO,2010,Operations,0,0,35.6,24.46,0,60.06
MilSat-2,Military Surveillance,LEO,2011,Operations,0,0,35.6,25.13,0,60.73
MilSat-2,Military Surveillance,LEO,2012,Operations,0,0,35.6,25.81,0,61.41
MilSat-2,Military Surveillance,LEO,2013,Operations,0,0,35.6,26.48,0,62.08
MilSat-2,Military Surveillance,LEO,2015,Disposal,0,0,0,0,10.5,10.5
MilSat-3,Military Surveillance,LEO,2003,Development/Production,8.17,0,0,0,0,8.17
MilSat-3,Military Surveillance,LEO,2004,Development/Production,16.34,0,0,0,0,16.34
MilSat-3,Military Surveillance,LEO,2005,Development/Production,29.41,0,0,0,0,29.41
MilSat-3,Military Surveillance,LEO,2006,Development/Production,35.95,0,0,0,0,35.95
MilSat-3,Military Surveillance,LEO,2007,Development/Production,32.68,0,0,0,0,32.68
MilSat-3,Military Surveillance,LEO,2008,Development/Production,21.24,34.51,0,0,0,55.75
MilSat-3,Military Surveillance,LEO,2009,Development/Production,13.09,28.24,0,0,0,41.33
MilSat-3,Military Surveillance,LEO,2010,Operations,0,0,36.28,23.16,0,59.44
MilSat-3,Military Surveillance,LEO,2011,Operations,0,0,36.28,23.85,0,60.13
MilSat-3,Military Surveillance,LEO,2012,Operations,0,0,36.28,24.55,0,60.83
MilSat-3,Military Surveillance,LEO,2013,Operations,0,0,36.28,25.24,0,61.52
MilSat-3,Military Surveillance,LEO,2014,Operations,0,0,36.28,25.94,0,62.22
MilSat-3,Military Surveillance,LEO,2015,Operations,0,0,36.28,26.63,0,62.91
MilSat-3,Military Surveillance,LEO,2016,Operations,0,0,36.28,27.33,0,63.61
MilSat-3,Military Surveillance,LEO,2017,Operations,0,0,36.28,28.02,0,64.3
MilSat-3,Military Surveillance,LEO,2019,Disposal,0,0,0,0,10.84,10.84
MilSat-4,Military Surveillance,GEO,2006,Development/Production,16.76,0,0,0,0,16.76
MilSat-4,Military Surveillance,GEO,2007,Development/Production,33.52,0,0,0,0,33.52
MilSat-4,Military Surveillance,GEO,2008,Development/Production,60.34,0,0,0,0,60.34
MilSat-4,Military Surveillance,GEO,2009,Development/Production,73.74,0,0,0,0,73.74
MilSat-4,Military Surveillance,GEO,2010,Development/Production,67.04,0,0,0,0,67.04
MilSat-4,Military Surveillance,GEO,2011,Development/Production,43.58,70.8,0,0,0,114.38
MilSat-4,Military Surveillance,GEO,2012,Development/Production,26.81,57.92,0,0,0,84.73
MilSat-4,Military Surveillance,GEO,2013,Operations,0,0,53.6,21.36,0,74.96
MilSat-4,Military Surveillance,GEO,2014,Operations,0,0,53.6,22,0,75.6
MilSat-4,Military Surveillance,GEO,2015,Operations,0,0,53.6,22.64,0,76.24
MilSat-4,Military Surveillance,GEO,2016,Operations,0,0,53.6,23.28,0,76.88
MilSat-4,Military Surveillance,GEO,2017,Operations,0,0,53.6,23.92,0,77.52
MilSat-4,Military Surveillance,GEO,2018,Operations,0,0,53.6,24.56,0,78.16
MilSat-4,Military Surveillance,GEO,2019,Operations,0,0,53.6,25.2,0,78.8
MilSat-4,Military Surveillance,GEO,2020,Operations,0,0,53.6,25.85,0,79.45
MilSat-4,Military Surveillance,GEO,2021,Operations,0,0,53.6,26.49,0,80.09
MilSat-4,Military Surveillance,GEO,2022,Operations,0,0,53.6,27.13,0,80.73
MilSat-4,Military Surveillance,GEO,2023,Operations,0,0,53.6,27.77,0,81.37
MilSat-4,Military Surveillance,GEO,2024,Operations,0,0,53.6,28.41,0,82.01
MilSat-4,Military Surveillance,GEO,2026,Disposal,0,0,0,0,23.6,23.6
MilSat-5,Military Surveillance,GEO,2009,Development/Production,18.35,0,0,0,0,18.35
MilSat-5,Military Surveillance,GEO,2010,Development/Production,36.69,0,0,0,0,36.69
MilSat-5,Military Surveillance,GEO,2011,Development/Production,66.05,0,0,0,0,66.05
MilSat-5,Military Surveillance,GEO,2012,Development/Production,80.72,0,0,0,0,80.72
MilSat-5,Military Surveillance,GEO,2013,Development/Production,73.39,0,0,0,0,73.39
MilSat-5,Military Surveillance,GEO,2014,Development/Production,47.7,77.5,0,0,0,125.2
MilSat-5,Military Surveillance,GEO,2015,Development/Production,29.35,63.4,0,0,0,92.75
MilSat-5,Military Surveillance,GEO,2016,Operations,0,0,56.6,22.2,0,78.8
MilSat-5,Military Surveillance,GEO,2017,Operations,0,0,56.6,22.87,0,79.47
MilSat-5,Military Surveillance,GEO,2018,Operations,0,0,56.6,23.53,0,80.13
MilSat-5,Military Surveillance,GEO,2019,Operations,0,0,56.6,24.2,0,80.8
MilSat-5,Military Surveillance,GEO,2020,Operations,0,0,56.6,24.86,0,81.46
MilSat-5,Military Surveillance,GEO,2021,Operations,0,0,56.6,25.53,0,82.13
MilSat-5,Military Surveillance,GEO,2022,Operations,0,0,56.6,26.2,0,82.8
MilSat-5,Military Surveillance,GEO,2023,Operations,0,0,56.6,26.86,0,83.46
MilSat-5,Military Surveillance,GEO,2024,Operations,0,0,56.6,27.53,0,84.13
MilSat-5,Military Surveillance,GEO,2025,Operations,0,0,56.6,28.19,0,84.79
MilSat-5,Military Surveillance,GEO,2026,Operations,0,0,56.6,28.86,0,85.46
MilSat-5,Military Surveillance,GEO,2027,Operations,0,0,56.6,29.53,0,86.13
MilSat-5,Military Surveillance,GEO,2029,Disposal,0,0,0,0,24.2,24.2
MilSat-6,Military Surveillance,GEO,2012,Development/Production,21.49,0,0,0,0,21.49
MilSat-6,Military Surveillance,GEO,2013,Development/Production,42.98,0,0,0,0,42.98
MilSat-6,Military Surveillance,GEO,2014,Development/Production,77.36,0,0,0,0,77.36
MilSat-6,Military Surveillance,GEO,2015,Development/Production,94.55,0,0,0,0,94.55
MilSat-6,Military Surveillance,GEO,2016,Development/Production,85.96,0,0,0,0,85.96
MilSat-6,Military Surveillance,GEO,2017,Development/Production,55.87,90.77,0,0,0,146.64
MilSat-6,Military Surveillance,GEO,2018,Development/Production,34.38,74.27,0,0,0,108.65
MilSat-6,Military Surveillance,GEO,2019,Operations,0,0,58,23.04,0,81.04
MilSat-6,Military Surveillance,GEO,2020,Operations,0,0,58,23.73,0,81.73
MilSat-6,Military Surveillance,GEO,2021,Operations,0,0,58,24.42,0,82.42
MilSat-6,Military Surveillance,GEO,2022,Operations,0,0,58,25.11,0,83.11
MilSat-6,Military Surveillance,GEO,2023,Operations,0,0,58,25.8,0,83.8
MilSat-6,Military Surveillance,GEO,2024,Operations,0,0,58,26.5,0,84.5
MilSat-6,Military Surveillance,GEO,2025,Operations,0,0,58,27.19,0,85.19
MilSat-6,Military Surveillance,GEO,2026,Operations,0,0,58,27.88,0,85.88
MilSat-6,Military Surveillance,GEO,2027,Operations,0,0,58,28.57,0,86.57
MilSat-6,Military Surveillance,GEO,2028,Operations,0,0,58,29.26,0,87.26
MilSat-6,Military Surveillance,GEO,2029,Operations,0,0,58,29.95,0,87.95
MilSat-6,Military Surveillance,GEO,2030,Operations,0,0,58,30.64,0,88.64
MilSat-6,Military Surveillance,GEO,2031,Operations,0,0,58,31.33,0,89.33
MilSat-6,Military Surveillance,GEO,2032,Operations,0,0,58,32.03,0,90.03
MilSat-6,Military Surveillance,GEO,2033,Operations,0,0,58,32.72,0,90.72
MilSat-6,Military Surveillance,GEO,2035,Disposal,0,0,0,0,24.9,24.9
NavSat-1,Navigation,MEO,1999,Development/Production,6.93,0,0,0,0,6.93
NavSat-1,Navigation,MEO,2000,Development/Production,13.85,0,0,0,0,13.85
NavSat-1,Navigation,MEO,2001,Development/Production,24.93,0,0,0,0,24.93
NavSat-1,Navigation,MEO,2002,Development/Production,30.47,0,0,0,0,30.47
NavSat-1,Navigation,MEO,2003,Development/Production,27.7,26.82,0,0,0,54.52
NavSat-1,Navigation,MEO,2004,Development/Production,18.01,21.94,0,0,0,39.95
NavSat-1,Navigation,MEO,2005,Operations,0,0,29.28,14.36,0,43.64
NavSat-1,Navigation,MEO,2006,Operations,0,0,29.28,14.79,0,44.07
NavSat-1,Navigation,MEO,2007,Operations,0,0,29.28,15.22,0,44.5
NavSat-1,Navigation,MEO,2008,Operations,0,0,29.28,15.65,0,44.93
NavSat-1,Navigation,MEO,2009,Operations,0,0,29.28,16.08,0,45.36
NavSat-1,Navigation,MEO,2010,Operations,0,0,29.28,16.51,0,45.79
NavSat-1,Navigation,MEO,2011,Operations,0,0,29.28,16.94,0,46.22
NavSat-1,Navigation,MEO,2012,Operations,0,0,29.28,17.38,0,46.66
NavSat-1,Navigation,MEO,2013,Operations,0,0,29.28,17.81,0,47.09
NavSat-1,Navigation,MEO,2014,Operations,0,0,29.28,18.24,0,47.52
NavSat-1,Navigation,MEO,2015,Operations,0,0,29.28,18.67,0,47.95
NavSat-1,Navigation,MEO,2016,Operations,0,0,29.28,19.1,0,48.38
NavSat-1,Navigation,MEO,2018,Disposal,0,0,0,0,13.84,13.84
NavSat-2,Navigation,MEO,2001,Development/Production,7.16,0,0,0,0,7.16
NavSat-2,Navigation,MEO,2002,Development/Production,14.32,0,0,0,0,14.32
NavSat-2,Navigation,MEO,2003,Development/Production,25.77,0,0,0,0,25.77
NavSat-2,Navigation,MEO,2004,Development/Production,31.5,0,0,0,0,31.5
NavSat-2,Navigation,MEO,2005,Development/Production,28.64,27.72,0,0,0,56.36
NavSat-2,Navigation,MEO,2006,Development/Production,18.61,22.68,0,0,0,41.29
NavSat-2,Navigation,MEO,2007,Operations,0,0,29.44,14.48,0,43.92
NavSat-2,Navigation,MEO,2008,Operations,0,0,29.44,14.91,0,44.35
NavSat-2,Navigation,MEO,2009,Operations,0,0,29.44,15.35,0,44.79
NavSat-2,Navigation,MEO,2010,Operations,0,0,29.44,15.78,0,45.22
NavSat-2,Navigation,MEO,2011,Operations,0,0,29.44,16.22,0,45.66
NavSat-2,Navigation,MEO,2012,Operations,0,0,29.44,16.65,0,46.09
NavSat-2,Navigation,MEO,2013,Operations,0,0,29.44,17.09,0,46.53
NavSat-2,Navigation,MEO,2014,Operations,0,0,29.44,17.52,0,46.96
NavSat-2,Navigation,MEO,2015,Operations,0,0,29.44,17.96,0,47.4
NavSat-2,Navigation,MEO,2016,Operations,0,0,29.44,18.39,0,47.83
NavSat-2,Navigation,MEO,2017,Operations,0,0,29.44,18.82,0,48.26
NavSat-2,Navigation,MEO,2018,Operations,0,0,29.44,19.26,0,48.7
NavSat-2,Navigation,MEO,2020,Disposal,0,0,0,0,13.92,13.92
NavSat-3,Navigation,MEO,2003,Development/Production,8.05,0,0,0,0,8.05
NavSat-3,Navigation,MEO,2004,Development/Production,16.09,0,0,0,0,16.09
NavSat-3,Navigation,MEO,2005,Development/Production,28.97,0,0,0,0,28.97
NavSat-3,Navigation,MEO,2006,Development/Production,35.41,0,0,0,0,35.41
NavSat-3,Navigation,MEO,2007,Development/Production,32.19,31.16,0,0,0,63.35
NavSat-3,Navigation,MEO,2008,Development/Production,20.91,25.49,0,0,0,46.4
NavSat-3,Navigation,MEO,2009,Operations,0,0,31.48,14.72,0,46.2
NavSat-3,Navigation,MEO,2010,Operations,0,0,31.48,15.16,0,46.64
NavSat-3,Navigation,MEO,2011,Operations,0,0,31.48,15.6,0,47.08
NavSat-3,Navigation,MEO,2012,Operations,0,0,31.48,16.04,0,47.52
NavSat-3,Navigation,MEO,2013,Operations,0,0,31.48,16.49,0,47.97
NavSat-3,Navigation,MEO,2014,Operations,0,0,31.48,16.93,0,48.41
NavSat-3,Navigation,MEO,2015,Operations,0,0,31.48,17.37,0,48.85
NavSat-3,Navigation,MEO,2016,Operations,0,0,31.48,17.81,0,49.29
NavSat-3,Navigation,MEO,2017,Operations,0,0,31.48,18.25,0,49.73
NavSat-3,Navigation,MEO,2018,Operations,0,0,31.48,18.69,0,50.17
NavSat-3,Navigation,MEO,2019,Operations,0,0,31.48,19.14,0,50.62
NavSat-3,Navigation,MEO,2020,Operations,0,0,31.48,19.58,0,51.06
NavSat-3,Navigation,MEO,2021,Operations,0,0,31.48,20.02,0,51.5
NavSat-3,Navigation,MEO,2022,Operations,0,0,31.48,20.46,0,51.94
NavSat-3,Navigation,MEO,2023,Operations,0,0,31.48,20.9,0,52.38
NavSat-3,Navigation,MEO,2025,Disposal,0,0,0,0,14.04,14.04
NavSat-4,Navigation,MEO,2006,Development/Production,8.44,0,0,0,0,8.44
NavSat-4,Navigation,MEO,2007,Development/Production,16.87,0,0,0,0,16.87
NavSat-4,Navigation,MEO,2008,Development/Production,30.37,0,0,0,0,30.37
NavSat-4,Navigation,MEO,2009,Development/Production,37.12,0,0,0,0,37.12
NavSat-4,Navigation,MEO,2010,Development/Production,33.74,32.66,0,0,0,66.4
NavSat-4,Navigation,MEO,2011,Development/Production,21.92,26.72,0,0,0,48.64
NavSat-4,Navigation,MEO,2012,Operations,0,0,31.72,14.84,0,46.56
NavSat-4,Navigation,MEO,2013,Operations,0,0,31.72,15.29,0,47.01
NavSat-4,Navigation,MEO,2014,Operations,0,0,31.72,15.73,0,47.45
NavSat-4,Navigation,MEO,2015,Operations,0,0,31.72,16.18,0,47.9
NavSat-4,Navigation,MEO,2016,Operations,0,0,31.72,16.62,0,48.34
NavSat-4,Navigation,MEO,2017,Operations,0,0,31.72,17.07,0,48.79
NavSat-4,Navigation,MEO,2018,Operations,0,0,31.72,17.51,0,49.23
NavSat-4,Navigation,MEO,2019,Operations,0,0,31.72,17.96,0,49.68
NavSat-4,Navigation,MEO,2020,Operations,0,0,31.72,18.4,0,50.12
NavSat-4,Navigation,MEO,2021,Operations,0,0,31.72,18.85,0,50.57
NavSat-4,Navigation,MEO,2022,Operations,0,0,31.72,19.29,0,51.01
NavSat-4,Navigation,MEO,2023,Operations,0,0,31.72,19.74,0,51.46
NavSat-4,Navigation,MEO,2024,Operations,0,0,31.72,20.18,0,51.9
NavSat-4,Navigation,MEO,2025,Operations,0,0,31.72,20.63,0,52.35
NavSat-4,Navigation,MEO,2026,Operations,0,0,31.72,21.07,0,52.79
NavSat-4,Navigation,MEO,2028,Disposal,0,0,0,0,14.16,14.16
NavSat-5,Navigation,MEO,2009,Development/Production,8.91,0,0,0,0,8.91
NavSat-5,Navigation,MEO,2010,Development/Production,17.82,0,0,0,0,17.82
NavSat-5,Navigation,MEO,2011,Development/Production,32.08,0,0,0,0,32.08
NavSat-5,Navigation,MEO,2012,Development/Production,39.21,0,0,0,0,39.21
NavSat-5,Navigation,MEO,2013,Development/Production,35.65,34.51,0,0,0,70.16
NavSat-5,Navigation,MEO,2014,Development/Production,23.17,28.23,0,0,0,51.4
NavSat-5,Navigation,MEO,2015,Operations,0,0,32,15.08,0,47.08
NavSat-5,Navigation,MEO,2016,Operations,0,0,32,15.53,0,47.53
NavSat-5,Navigation,MEO,2017,Operations,0,0,32,15.98,0,47.98
NavSat-5,Navigation,MEO,2018,Operations,0,0,32,16.44,0,48.44
NavSat-5,Navigation,MEO,2019,Operations,0,0,32,16.89,0,48.89
NavSat-5,Navigation,MEO,2020,Operations,0,0,32,17.34,0,49.34
NavSat-5,Navigation,MEO,2021,Operations,0,0,32,17.79,0,49.79
NavSat-5,Navigation,MEO,2022,Operations,0,0,32,18.25,0,50.25
NavSat-5,Navigation,MEO,2023,Operations,0,0,32,18.7,0,50.7
NavSat-5,Navigation,MEO,2024,Operations,0,0,32,19.15,0,51.15
NavSat-5,Navigation,MEO,2025,Operations,0,0,32,19.6,0,51.6
NavSat-5,Navigation,MEO,2026,Operations,0,0,32,20.06,0,52.06
NavSat-5,Navigation,MEO,2027,Operations,0,0,32,20.51,0,52.51
NavSat-5,Navigation,MEO,2028,Operations,0,0,32,20.96,0,52.96
NavSat-5,Navigation,MEO,2029,Operations,0,0,32,21.41,0,53.41
NavSat-5,Navigation,MEO,2031,Disposal,0,0,0,0,14.3,14.3
SciSat-1,Science,LEO,1996,Development/Production,4.62,0,0,0,0,4.62
SciSat-1,Science,LEO,1997,Development/Production,9.24,0,0,0,0,9.24
SciSat-1,Science,LEO,1998,Development/Production,16.63,0,0,0,0,16.63
SciSat-1,Science,LEO,1999,Development/Production,20.32,0,0,0,0,20.32
SciSat-1,Science,LEO,2000,Development/Production,18.48,17.89,0,0,0,36.37
SciSat-1,Science,LEO,2001,Development/Production,12.01,14.63,0,0,0,26.64
SciSat-1,Science,LEO,2002,Operations,0,0,26.88,17.52,0,44.4
SciSat-1,Science,LEO,2003,Operations,0,0,26.88,18.05,0,44.93
SciSat-1,Science,LEO,2004,Operations,0,0,26.88,18.57,0,45.45
SciSat-1,Science,LEO,2005,Operations,0,0,26.88,19.1,0,45.98
SciSat-1,Science,LEO,2006,Operations,0,0,26.88,19.62,0,46.5
SciSat-1,Science,LEO,2008,Disposal,0,0,0,0,8.84,8.84
SciSat-2,Science,LEO,1999,Development/Production,5.14,0,0,0,0,5.14
SciSat-2,Science,LEO,2000,Development/Production,10.28,0,0,0,0,10.28
SciSat-2,Science,LEO,2001,Development/Production,18.5,0,0,0,0,18.5
SciSat-2,Science,LEO,2002,Development/Production,22.61,0,0,0,0,22.61
SciSat-2,Science,LEO,2003,Development/Production,20.55,19.89,0,0,0,40.44
SciSat-2,Science,LEO,2004,Development/Production,13.35,16.28,0,0,0,29.63
SciSat-2,Science,LEO,2005,Operations,0,0,28.92,17.88,0,46.8
SciSat-2,Science,LEO,2006,Operations,0,0,28.92,18.42,0,47.34
SciSat-2,Science,LEO,2007,Operations,0,0,28.92,18.95,0,47.87
SciSat-2,Science,LEO,2008,Operations,0,0,28.92,19.49,0,48.41
SciSat-2,Science,LEO,2009,Operations,0,0,28.92,20.03,0,48.95
SciSat-2,Science,LEO,2011,Disposal,0,0,0,0,8.96,8.96
SciSat-3,Science,LEO,2002,Development/Production,4.59,0,0,0,0,4.59
SciSat-3,Science,LEO,2003,Development/Production,9.19,0,0,0,0,9.19
SciSat-3,Science,LEO,2004,Development/Production,16.54,0,0,0,0,16.54
SciSat-3,Science,LEO,2005,Development/Production,20.21,0,0,0,0,20.21
SciSat-3,Science,LEO,2006,Development/Production,18.38,17.79,0,0,0,36.17
SciSat-3,Science,LEO,2007,Development/Production,11.94,14.55,0,0,0,26.49
SciSat-3,Science,LEO,2008,Operations,0,0,29.12,18.24,0,47.36
SciSat-3,Science,LEO,2009,Operations,0,0,29.12,18.79,0,47.91
SciSat-3,Science,LEO,2010,Operations,0,0,29.12,19.33,0,48.45
SciSat-3,Science,LEO,2011,Operations,0,0,29.12,19.88,0,49
SciSat-3,Science,LEO,2012,Operations,0,0,29.12,20.43,0,49.55
SciSat-3,Science,LEO,2013,Operations,0,0,29.12,20.98,0,50.1
SciSat-3,Science,LEO,2014,Operations,0,0,29.12,21.52,0,50.64
SciSat-3,Science,LEO,2016,Disposal,0,0,0,0,9.06,9.06
SciSat-4,Science,LEO,2005,Development/Production,5.02,0,0,0,0,5.02
SciSat-4,Science,LEO,2006,Development/Production,10.04,0,0,0,0,10.04
SciSat-4,Science,LEO,2007,Development/Production,18.06,0,0,0,0,18.06
SciSat-4,Science,LEO,2008,Development/Production,22.08,0,0,0,0,22.08
SciSat-4,Science,LEO,2009,Development/Production,20.07,19.43,0,0,0,39.5
SciSat-4,Science,LEO,2010,Development/Production,13.04,15.89,0,0,0,28.93
SciSat-4,Science,LEO,2011,Operations,0,0,31.16,18.6,0,49.76
SciSat-4,Science,LEO,2012,Operations,0,0,31.16,19.16,0,50.32
SciSat-4,Science,LEO,2013,Operations,0,0,31.16,19.72,0,50.88
SciSat-4,Science,LEO,2014,Operations,0,0,31.16,20.27,0,51.43
SciSat-4,Science,LEO,2015,Operations,0,0,31.16,20.83,0,51.99
SciSat-4,Science,LEO,2016,Operations,0,0,31.16,21.39,0,52.55
SciSat-4,Science,LEO,2017,Operations,0,0,31.16,21.95,0,53.11
SciSat-4,Science,LEO,2019,Disposal,0,0,0,0,9.18,9.18
SciSat-5,Science,HEO,2008,Development/Production,5.38,0,0,0,0,5.38
SciSat-5,Science,HEO,2009,Development/Production,10.75,0,0,0,0,10.75
SciSat-5,Science,HEO,2010,Development/Production,19.36,0,0,0,0,19.36
SciSat-5,Science,HEO,2011,Development/Production,23.66,0,0,0,0,23.66
SciSat-5,Science,HEO,2012,Development/Production,21.51,20.82,0,0,0,42.33
SciSat-5,Science,HEO,2013,Development/Production,13.98,17.04,0,0,0,31.02
SciSat-5,Science,HEO,2014,Operations,0,0,37.4,16.96,0,54.36
SciSat-5,Science,HEO,2015,Operations,0,0,37.4,17.47,0,54.87
SciSat-5,Science,HEO,2016,Operations,0,0,37.4,17.98,0,55.38
SciSat-5,Science,HEO,2017,Operations,0,0,37.4,18.49,0,55.89
SciSat-5,Science,HEO,2018,Operations,0,0,37.4,19,0,56.4
SciSat-5,Science,HEO,2019,Operations,0,0,37.4,19.5,0,56.9
SciSat-5,Science,HEO,2020,Operations,0,0,37.4,20.01,0,57.41
SciSat-5,Science,HEO,2021,Operations,0,0,37.4,20.52,0,57.92
SciSat-5,Science,HEO,2023,Disposal,0,0,0,0,15.3,15.3
SciSat-6,Science,HEO,2011,Development/Production,5.86,0,0,0,0,5.86
SciSat-6,Science,HEO,2012,Development/Production,11.72,0,0,0,0,11.72
SciSat-6,Science,HEO,2013,Development/Production,21.09,0,0,0,0,21.09
SciSat-6,Science,HEO,2014,Development/Production,25.78,0,0,0,0,25.78
SciSat-6,Science,HEO,2015,Development/Production,23.44,22.69,0,0,0,46.13
SciSat-6,Science,HEO,2016,Development/Production,15.24,18.56,0,0,0,33.8
SciSat-6,Science,HEO,2017,Operations,0,0,39.48,17.32,0,56.8
SciSat-6,Science,HEO,2018,Operations,0,0,39.48,17.84,0,57.32
SciSat-6,Science,HEO,2019,Operations,0,0,39.48,18.36,0,57.84
SciSat-6,Science,HEO,2020,Operations,0,0,39.48,18.88,0,58.36
SciSat-6,Science,HEO,2021,Operations,0,0,39.48,19.4,0,58.88
SciSat-6,Science,HEO,2022,Operations,0,0,39.48,19.92,0,59.4
SciSat-6,Science,HEO,2023,Operations,0,0,39.48,20.44,0,59.92
SciSat-6,Science,HEO,2024,Operations,0,0,39.48,20.96,0,60.44
SciSat-6,Science,HEO,2026,Disposal,0,0,0,0,15.44,15.44
SciSat-7,Science,HEO,2014,Development/Production,6.91,0,0,0,0,6.91
SciSat-7,Science,HEO,2015,Development/Production,13.82,0,0,0,0,13.82
SciSat-7,Science,HEO,2016,Development/Production,24.87,0,0,0,0,24.87
SciSat-7,Science,HEO,2017,Development/Production,30.39,0,0,0,0,30.39
SciSat-7,Science,HEO,2018,Development/Production,27.63,26.75,0,0,0,54.38
SciSat-7,Science,HEO,2019,Development/Production,17.96,21.88,0,0,0,39.84
SciSat-7,Science,HEO,2020,Operations,0,0,41.64,17.8,0,59.44
SciSat-7,Science,HEO,2021,Operations,0,0,41.64,18.33,0,59.97
SciSat-7,Science,HEO,2022,Operations,0,0,41.64,18.87,0,60.51
SciSat-7,Science,HEO,2023,Operations,0,0,41.64,19.4,0,61.04
SciSat-7,Science,HEO,2024,Operations,0,0,41.64,19.94,0,61.58
SciSat-7,Science,HEO,2025,Operations,0,0,41.64,20.47,0,62.11
SciSat-7,Science,HEO,2026,Operations,0,0,41.64,21,0,62.64
SciSat-7,Science,HEO,2027,Operations,0,0,41.64,21.54,0,63.18
SciSat-7,Science,HEO,2028,Operations,0,0,41.64,22.07,0,63.71
SciSat-7,Science,HEO,2029,Operations,0,0,41.64,22.61,0,64.25
SciSat-7,Science,HEO,2031,Disposal,0,0,0,0,15.62,15.62
SciSat-8,Science,HEO,2017,Development/Production,7.23,0,0,0,0,7.23
SciSat-8,Science,HEO,2018,Development/Production,14.46,0,0,0,0,14.46
SciSat-8,Science,HEO,2019,Development/Production,26.03,0,0,0,0,26.03
SciSat-8,Science,HEO,2020,Development/Production,31.82,0,0,0,0,31.82
SciSat-8,Science,HEO,2021,Development/Production,28.93,28,0,0,0,56.93
SciSat-8,Science,HEO,2022,Development/Production,18.8,22.91,0,0,0,41.71
SciSat-8,Science,HEO,2023,Operations,0,0,42.04,18.28,0,60.32
SciSat-8,Science,HEO,2024,Operations,0,0,42.04,18.83,0,60.87
SciSat-8,Science,HEO,2025,Operations,0,0,42.04,19.38,0,61.42
SciSat-8,Science,HEO,2026,Operations,0,0,42.04,19.93,0,61.97
SciSat-8,Science,HEO,2027,Operations,0,0,42.04,20.47,0,62.51
SciSat-8,Science,HEO,2028,Operations,0,0,42.04,21.02,0,63.06
SciSat-8,Science,HEO,2029,Operations,0,0,42.04,21.57,0,63.61
SciSat-8,Science,HEO,2030,Operations,0,0,42.04,22.12,0,64.16
SciSat-8,Science,HEO,2031,Operations,0,0,42.04,22.67,0,64.71
SciSat-8,Science,HEO,2032,Operations,0,0,42.04,23.22,0,65.26
SciSat-8,Science,HEO,2034,Disposal,0,0,0,0,15.82,15.82
SmallSat-1,Communications,LEO,2015,Development/Production,0.78,0,0,0,0,0.78
SmallSat-1,Communications,LEO,2016,Development/Production,1.56,0,0,0,0,1.56
SmallSat-1,Communications,LEO,2017,Development/Production,2.81,0,0,0,0,2.81
SmallSat-1,Communications,LEO,2018,Development/Production,3.43,2.57,0,0,0,6
SmallSat-1,Communications,LEO,2019,Development/Production,3.12,2.11,0,0,0,5.23
SmallSat-1,Communications,LEO,2020,Operations,0,0,19.97,15.58,0,35.55
SmallSat-1,Communications,LEO,2021,Operations,0,0,19.97,16.05,0,36.02
SmallSat-1,Communications,LEO,2022,Operations,0,0,19.97,16.51,0,36.48
SmallSat-1,Communications,LEO,2023,Operations,0,0,19.97,16.98,0,36.95
SmallSat-1,Communications,LEO,2024,Operations,0,0,19.97,17.45,0,37.42
SmallSat-1,Communications,LEO,2026,Disposal,0,0,0,0,8.08,8.08
SmallSat-2,Communications,LEO,2016,Development/Production,0.97,0,0,0,0,0.97
SmallSat-2,Communications,LEO,2017,Development/Production,1.95,0,0,0,0,1.95
SmallSat-2,Communications,LEO,2018,Development/Production,3.51,0,0,0,0,3.51
SmallSat-2,Communications,LEO,2019,Development/Production,4.29,3.21,0,0,0,7.5
SmallSat-2,Communications,LEO,2020,Development/Production,3.89,2.63,0,0,0,6.52
SmallSat-2,Communications,LEO,2021,Operations,0,0,20.02,15.67,0,35.69
SmallSat-2,Communications,LEO,2022,Operations,0,0,20.02,16.14,0,36.16
SmallSat-2,Communications,LEO,2023,Operations,0,0,20.02,16.61,0,36.63
SmallSat-2,Communications,LEO,2024,Operations,0,0,20.02,17.08,0,37.1
SmallSat-2,Communications,LEO,2025,Operations,0,0,20.02,17.55,0,37.57
SmallSat-2,Communications,LEO,2027,Disposal,0,0,0,0,8.11,8.11
SmallSat-3,Earth Observation,LEO,2017,Development/Production,1.16,0,0,0,0,1.16
SmallSat-3,Earth Observation,LEO,2018,Development/Production,2.32,0,0,0,0,2.32
SmallSat-3,Earth Observation,LEO,2019,Development/Production,4.18,0,0,0,0,4.18
SmallSat-3,Earth Observation,LEO,2020,Development/Production,5.11,3.83,0,0,0,8.94
SmallSat-3,Earth Observation,LEO,2021,Development/Production,4.64,3.13,0,0,0,7.77
SmallSat-3,Earth Observation,LEO,2022,Operations,0,0,21.87,15.84,0,37.71
SmallSat-3,Earth Observation,LEO,2023,Operations,0,0,21.87,16.32,0,38.19
SmallSat-3,Earth Observation,LEO,2024,Operations,0,0,21.87,16.79,0,38.66
SmallSat-3,Earth Observation,LEO,2025,Operations,0,0,21.87,17.27,0,39.14
SmallSat-3,Earth Observation,LEO,2026,Operations,0,0,21.87,17.74,0,39.61
SmallSat-3,Earth Observation,LEO,2028,Disposal,0,0,0,0,8.14,8.14
SmallSat-4,Earth Observation,LEO,2018,Development/Production,1.01,0,0,0,0,1.01
SmallSat-4,Earth Observation,LEO,2019,Development/Production,2.01,0,0,0,0,2.01
SmallSat-4,Earth Observation,LEO,2020,Development/Production,3.62,0,0,0,0,3.62
SmallSat-4,Earth Observation,LEO,2021,Development/Production,4.42,3.32,0,0,0,7.74
SmallSat-4,Earth Observation,LEO,2022,Development/Production,4.02,2.71,0,0,0,6.73
SmallSat-4,Earth Observation,LEO,2023,Operations,0,0,21.93,15.98,0,37.91
SmallSat-4,Earth Observation,LEO,2024,Operations,0,0,21.93,16.46,0,38.39
SmallSat-4,Earth Observation,LEO,2025,Operations,0,0,21.93,16.94,0,38.87
SmallSat-4,Earth Observation,LEO,2026,Operations,0,0,21.93,17.42,0,39.35
SmallSat-4,Earth Observation,LEO,2027,Operations,0,0,21.93,17.9,0,39.83
SmallSat-4,Earth Observation,LEO,2029,Disposal,0,0,0,0,8.16,8.16
SmallSat-5,Earth Observation,LEO,2019,Development/Production,1.29,0,0,0,0,1.29
SmallSat-5,Earth Observation,LEO,2020,Development/Production,2.58,0,0,0,0,2.58
SmallSat-5,Earth Observation,LEO,2021,Development/Production,4.64,0,0,0,0,4.64
SmallSat-5,Earth Observation,LEO,2022,Development/Production,5.67,4.26,0,0,0,9.93
SmallSat-5,Earth Observation,LEO,2023,Development/Production,5.16,3.48,0,0,0,8.64
SmallSat-5,Earth Observation,LEO,2024,Operations,0,0,23.79,16.15,0,39.94
SmallSat-5,Earth Observation,LEO,2025,Operations,0,0,23.79,16.63,0,40.42
SmallSat-5,Earth Observation,LEO,2026,Operations,0,0,23.79,17.12,0,40.91
SmallSat-5,Earth Observation,LEO,2027,Operations,0,0,23.79,17.6,0,41.39
SmallSat-5,Earth Observation,LEO,2028,Operations,0,0,23.79,18.09,0,41.88
SmallSat-5,Earth Observation,LEO,2029,Operations,0,0,23.79,18.57,0,42.36
SmallSat-5,Earth Observation,LEO,2030,Operations,0,0,23.79,19.06,0,42.85
SmallSat-5,Earth Observation,LEO,2032,Disposal,0,0,0,0,8.2,8.2
TechDemo-1,Technology Demo,LEO,2005,Development/Production,1.56,0,0,0,0,1.56
TechDemo-1,Technology Demo,LEO,2006,Development/Production,3.13,0,0,0,0,3.13
TechDemo-1,Technology Demo,LEO,2007,Development/Production,5.63,0,0,0,0,5.63
TechDemo-1,Technology Demo,LEO,2008,Development/Production,6.88,5.16,0,0,0,12.04
TechDemo-1,Technology Demo,LEO,2009,Development/Production,6.24,4.22,0,0,0,10.46
TechDemo-1,Technology Demo,LEO,2010,Operations,0,0,22.04,16.02,0,38.06
TechDemo-1,Technology Demo,LEO,2011,Operations,0,0,22.04,16.5,0,38.54
TechDemo-1,Technology Demo,LEO,2012,Operations,0,0,22.04,16.98,0,39.02
TechDemo-1,Technology Demo,LEO,2014,Disposal,0,0,0,0,8.22,8.22
TechDemo-2,Technology Demo,LEO,2007,Development/Production,1.88,0,0,0,0,1.88
TechDemo-2,Technology Demo,LEO,2008,Development/Production,3.75,0,0,0,0,3.75
TechDemo-2,Technology Demo,LEO,2009,Development/Production,6.75,0,0,0,0,6.75
TechDemo-2,Technology Demo,LEO,2010,Development/Production,8.25,6.19,0,0,0,14.44
TechDemo-2,Technology Demo,LEO,2011,Development/Production,7.5,5.06,0,0,0,12.56
TechDemo-2,Technology Demo,LEO,2012,Operations,0,0,23.98,16.32,0,40.3
TechDemo-2,Technology Demo,LEO,2013,Operations,0,0,23.98,16.81,0,40.79
TechDemo-2,Technology Demo,LEO,2014,Operations,0,0,23.98,17.3,0,41.28
TechDemo-2,Technology Demo,LEO,2016,Disposal,0,0,0,0,8.29,8.29
TechDemo-3,Technology Demo,LEO,2009,Development/Production,1.84,0,0,0,0,1.84
TechDemo-3,Technology Demo,LEO,2010,Development/Production,3.68,0,0,0,0,3.68
TechDemo-3,Technology Demo,LEO,2011,Development/Production,6.63,0,0,0,0,6.63
TechDemo-3,Technology Demo,LEO,2012,Development/Production,8.1,6.08,0,0,0,14.18
TechDemo-3,Technology Demo,LEO,2013,Development/Production,7.38,4.97,0,0,0,12.35
TechDemo-3,Technology Demo,LEO,2014,Operations,0,0,24.16,16.68,0,40.84
TechDemo-3,Technology Demo,LEO,2015,Operations,0,0,24.16,17.18,0,41.34
TechDemo-3,Technology Demo,LEO,2016,Operations,0,0,24.16,17.68,0,41.84
TechDemo-3,Technology Demo,LEO,2018,Disposal,0,0,0,0,8.38,8.38
TechDemo-4,Technology Demo,LEO,2011,Development/Production,2.5,0,0,0,0,2.5
TechDemo-4,Technology Demo,LEO,2012,Development/Production,4.99,0,0,0,0,4.99
TechDemo-4,Technology Demo,LEO,2013,Development/Production,8.99,0,0,0,0,8.99
TechDemo-4,Technology Demo,LEO,2014,Development/Production,10.98,8.24,0,0,0,19.22
TechDemo-4,Technology Demo,LEO,2015,Development/Production,9.98,6.74,0,0,0,16.72
TechDemo-4,Technology Demo,LEO,2016,Operations,0,0,26.16,17.04,0,43.2
TechDemo-4,Technology Demo,LEO,2017,Operations,0,0,26.16,17.55,0,43.71
TechDemo-4,Technology Demo,LEO,2018,Operations,0,0,26.16,18.06,0,44.22
TechDemo-4,Technology Demo,LEO,2019,Operations,0,0,26.16,18.57,0,44.73
TechDemo-4,Technology Demo,LEO,2020,Operations,0,0,26.16,19.08,0,45.24
TechDemo-4,Technology Demo,LEO,2022,Disposal,0,0,0,0,8.48,8.48
TechDemo-5,Technology Demo,LEO,2013,Development/Production,3.09,0,0,0,0,3.09
TechDemo-5,Technology Demo,LEO,2014,Development/Production,6.18,0,0,0,0,6.18
TechDemo-5,Technology Demo,LEO,2015,Development/Production,11.12,0,0,0,0,11.12
TechDemo-5,Technology Demo,LEO,2016,Development/Production,13.59,10.2,0,0,0,23.79
TechDemo-5,Technology Demo,LEO,2017,Development/Production,12.36,8.34,0,0,0,20.7
TechDemo-5,Technology Demo,LEO,2018,Operations,0,0,26.44,17.52,0,43.96
TechDemo-5,Technology Demo,LEO,2019,Operations,0,0,26.44,18.05,0,44.49
TechDemo-5,Technology Demo,LEO,2020,Operations,0,0,26.44,18.57,0,45.01
TechDemo-5,Technology Demo,LEO,2021,Operations,0,0,26.44,19.1,0,45.54
TechDemo-5,Technology Demo,LEO,2022,Operations,0,0,26.44,19.62,0,46.06
TechDemo-5,Technology Demo,LEO,2024,Disposal,0,0,0,0,8.62,8.62
WeatherSat-1,Meteorology,GEO,2000,Development/Production,12.24,0,0,0,0,12.24
WeatherSat-1,Meteorology,GEO,2001,Development/Production,24.48,0,0,0,0,24.48
WeatherSat-1,Meteorology,GEO,2002,Development/Production,44.06,0,0,0,0,44.06
WeatherSat-1,Meteorology,GEO,2003,Development/Production,53.85,0,0,0,0,53.85
WeatherSat-1,Meteorology,GEO,2004,Development/Production,48.95,0,0,0,0,48.95
WeatherSat-1,Meteorology,GEO,2005,Development/Production,31.82,51.69,0,0,0,83.51
WeatherSat-1,Meteorology,GEO,2006,Development/Production,19.57,42.3,0,0,0,61.87
WeatherSat-1,Meteorology,GEO,2007,Operations,0,0,48.88,16.32,0,65.2
WeatherSat-1,Meteorology,GEO,2008,Operations,0,0,48.88,16.81,0,65.69
WeatherSat-1,Meteorology,GEO,2009,Operations,0,0,48.88,17.3,0,66.18
WeatherSat-1,Meteorology,GEO,2010,Operations,0,0,48.88,17.79,0,66.67
WeatherSat-1,Meteorology,GEO,2011,Operations,0,0,48.88,18.28,0,67.16
WeatherSat-1,Meteorology,GEO,2012,Operations,0,0,48.88,18.77,0,67.65
WeatherSat-1,Meteorology,GEO,2013,Operations,0,0,48.88,19.26,0,68.14
WeatherSat-1,Meteorology,GEO,2014,Operations,0,0,48.88,19.75,0,68.63
WeatherSat-1,Meteorology,GEO,2015,Operations,0,0,48.88,20.24,0,69.12
WeatherSat-1,Meteorology,GEO,2016,Operations,0,0,48.88,20.73,0,69.61
WeatherSat-1,Meteorology,GEO,2018,Disposal,0,0,0,0,21.24,21.24
WeatherSat-2,Meteorology,GEO,2003,Development/Production,13.16,0,0,0,0,13.16
WeatherSat-2,Meteorology,GEO,2004,Development/Production,26.31,0,0,0,0,26.31
WeatherSat-2,Meteorology,GEO,2005,Development/Production,47.36,0,0,0,0,47.36
WeatherSat-2,Meteorology,GEO,2006,Development/Production,57.89,0,0,0,0,57.89
WeatherSat-2,Meteorology,GEO,2007,Development/Production,52.63,0,0,0,0,52.63
WeatherSat-2,Meteorology,GEO,2008,Development/Production,34.21,55.57,0,0,0,89.78
WeatherSat-2,Meteorology,GEO,2009,Development/Production,21.05,45.47,0,0,0,66.52
WeatherSat-2,Meteorology,GEO,2010,Operations,0,0,51.2,16.8,0,68
WeatherSat-2,Meteorology,GEO,2011,Operations,0,0,51.2,17.3,0,68.5
WeatherSat-2,Meteorology,GEO,2012,Operations,0,0,51.2,17.81,0,69.01
WeatherSat-2,Meteorology,GEO,2013,Operations,0,0,51.2,18.31,0,69.51
WeatherSat-2,Meteorology,GEO,2014,Operations,0,0,51.2,18.82,0,70.02
WeatherSat-2,Meteorology,GEO,2015,Operations,0,0,51.2,19.32,0,70.52
WeatherSat-2,Meteorology,GEO,2016,Operations,0,0,51.2,19.82,0,71.02
WeatherSat-2,Meteorology,GEO,2017,Operations,0,0,51.2,20.33,0,71.53
WeatherSat-2,Meteorology,GEO,2018,Operations,0,0,51.2,20.83,0,72.03
WeatherSat-2,Meteorology,GEO,2019,Operations,0,0,51.2,21.34,0,72.54
WeatherSat-2,Meteorology,GEO,2021,Disposal,0,0,0,0,21.5,21.5
WeatherSat-3,Meteorology,GEO,2006,Development/Production,14.18,0,0,0,0,14.18
WeatherSat-3,Meteorology,GEO,2007,Development/Production,28.35,0,0,0,0,28.35
WeatherSat-3,Meteorology,GEO,2008,Development/Production,51.04,0,0,0,0,51.04
WeatherSat-3,Meteorology,GEO,2009,Development/Production,62.38,0,0,0,0,62.38
WeatherSat-3,Meteorology,GEO,2010,Development/Production,56.71,0,0,0,0,56.71
WeatherSat-3,Meteorology,GEO,2011,Development/Production,36.86,59.88,0,0,0,96.74
WeatherSat-3,Meteorology,GEO,2012,Development/Production,22.67,49,0,0,0,71.67
WeatherSat-3,Meteorology,GEO,2013,Operations,0,0,53.6,17.28,0,70.88
WeatherSat-3,Meteorology,GEO,2014,Operations,0,0,53.6,17.8,0,71.4
WeatherSat-3,Meteorology,GEO,2015,Operations,0,0,53.6,18.32,0,71.92
WeatherSat-3,Meteorology,GEO,2016,Operations,0,0,53.6,18.84,0,72.44
WeatherSat-3,Meteorology,GEO,2017,Operations,0,0,53.6,19.35,0,72.95
WeatherSat-3,Meteorology,GEO,2018,Operations,0,0,53.6,19.87,0,73.47
WeatherSat-3,Meteorology,GEO,2019,Operations,0,0,53.6,20.39,0,73.99
WeatherSat-3,Meteorology,GEO,2020,Operations,0,0,53.6,20.91,0,74.51
WeatherSat-3,Meteorology,GEO,2021,Operations,0,0,53.6,21.43,0,75.03
WeatherSat-3,Meteorology,GEO,2022,Operations,0,0,53.6,21.95,0,75.55
WeatherSat-3,Meteorology,GEO,2023,Operations,0,0,53.6,22.46,0,76.06
WeatherSat-3,Meteorology,GEO,2024,Operations,0,0,53.6,22.98,0,76.58
WeatherSat-3,Meteorology,GEO,2026,Disposal,0,0,0,0,21.8,21.8
WeatherSat-4,Meteorology,GEO,2009,Development/Production,12.89,0,0,0,0,12.89
WeatherSat-4,Meteorology,GEO,2010,Development/Production,25.79,0,0,0,0,25.79
WeatherSat-4,Meteorology,GEO,2011,Development/Production,46.41,0,0,0,0,46.41
WeatherSat-4,Meteorology,GEO,2012,Development/Production,56.73,0,0,0,0,56.73
WeatherSat-4,Meteorology,GEO,2013,Development/Production,51.57,0,0,0,0,51.57
WeatherSat-4,Meteorology,GEO,2014,Development/Production,33.52,54.46,0,0,0,87.98
WeatherSat-4,Meteorology,GEO,2015,Development/Production,20.63,44.56,0,0,0,65.19
WeatherSat-4,Meteorology,GEO,2016,Operations,0,0,54.2,17.76,0,71.96
WeatherSat-4,Meteorology,GEO,2017,Operations,0,0,54.2,18.29,0,72.49
WeatherSat-4,Meteorology,GEO,2018,Operations,0,0,54.2,18.83,0,73.03
WeatherSat-4,Meteorology,GEO,2019,Operations,0,0,54.2,19.36,0,73.56
WeatherSat-4,Meteorology,GEO,2020,Operations,0,0,54.2,19.89,0,74.09
WeatherSat-4,Meteorology,GEO,2021,Operations,0,0,54.2,20.42,0,74.62
WeatherSat-4,Meteorology,GEO,2022,Operations,0,0,54.2,20.96,0,75.16
WeatherSat-4,Meteorology,GEO,2023,Operations,0,0,54.2,21.49,0,75.69
WeatherSat-4,Meteorology,GEO,2024,Operations,0,0,54.2,22.02,0,76.22
WeatherSat-4,Meteorology,GEO,2025,Operations,0,0,54.2,22.56,0,76.76
WeatherSat-4,Meteorology,GEO,2026,Operations,0,0,54.2,23.09,0,77.29
WeatherSat-4,Meteorology,GEO,2027,Operations,0,0,54.2,23.62,0,77.82
WeatherSat-4,Meteorology,GEO,2029,Disposal,0,0,0,0,22.1,22.1
WeatherSat-5,Meteorology,GEO,2013,Development/Production,14.73,0,0,0,0,14.73
WeatherSat-5,Meteorology,GEO,2014,Development/Production,29.47,0,0,0,0,29.47
WeatherSat-5,Meteorology,GEO,2015,Development/Production,53.04,0,0,0,0,53.04
WeatherSat-5,Meteorology,GEO,2016,Development/Production,64.83,0,0,0,0,64.83
WeatherSat-5,Meteorology,GEO,2017,Development/Production,58.93,0,0,0,0,58.93
WeatherSat-5,Meteorology,GEO,2018,Development/Production,38.31,62.23,0,0,0,100.54
WeatherSat-5,Meteorology,GEO,2019,Development/Production,23.57,50.92,0,0,0,74.49
WeatherSat-5,Meteorology,GEO,2020,Operations,0,0,56.6,18.24,0,74.84
WeatherSat-5,Meteorology,GEO,2021,Operations,0,0,56.6,18.79,0,75.39
WeatherSat-5,Meteorology,GEO,2022,Operations,0,0,56.6,19.33,0,75.93
WeatherSat-5,Meteorology,GEO,2023,Operations,0,0,56.6,19.88,0,76.48
WeatherSat-5,Meteorology,GEO,2024,Operations,0,0,56.6,20.43,0,77.03
WeatherSat-5,Meteorology,GEO,2025,Operations,0,0,56.6,20.98,0,77.58
WeatherSat-5,Meteorology,GEO,2026,Operations,0,0,56.6,21.52,0,78.12
WeatherSat-5,Meteorology,GEO,2027,Operations,0,0,56.6,22.07,0,78.67
WeatherSat-5,Meteorology,GEO,2028,Operations,0,0,56.6,22.62,0,79.22
WeatherSat-5,Meteorology,GEO,2029,Operations,0,0,56.6,23.16,0,79.76
WeatherSat-5,Meteorology,GEO,2030,Operations,0,0,56.6,23.71,0,80.31
WeatherSat-5,Meteorology,GEO,2031,Operations,0,0,56.6,24.26,0,80.86
WeatherSat-5,Meteorology,GEO,2032,Operations,0,0,56.6,24.81,0,81.41
WeatherSat-5,Meteorology,GEO,2033,Operations,0,0,56.6,25.35,0,81.95
WeatherSat-5,Meteorology,GEO,2034,Operations,0,0,56.6,25.9,0,82.5
WeatherSat-5,Meteorology,GEO,2036,Disposal,0,0,0,0,22.4,22.4
