program_name,mission_type,orbit_class,wbs_id,subsystem,subsystem_mass_kg,subsystem_power_w,subsystem_dev_cost_fy2020_musd,subsystem_prod_cost_fy2020_musd,subsystem_total_cost_fy2020_musd,year_development_start,launch_year
Comsat-1A,Communications,GEO,1.1,Structures & Mechanisms,333.0,0.0,22.3,13.4,35.7,1998,2005
Comsat-1A,Communications,GEO,1.2,Thermal Control,111.0,246.0,13.94,6.7,20.64,1998,2005
Comsat-1A,Communications,GEO,1.3,Power (EPS + Solar Arrays),222.0,3690.0,27.88,14.51,42.39,1998,2005
Comsat-1A,Communications,GEO,1.4,Propulsion,185.0,82.0,19.51,10.05,29.56,1998,2005
Comsat-1A,Communications,GEO,1.5,Attitude Control (ADCS),148.0,410.0,25.09,8.93,34.02,1998,2005
Comsat-1A,Communications,GEO,1.6,Command & Data Handling,74.0,492.0,22.3,7.82,30.12,1998,2005
Comsat-1A,Communications,GEO,1.7,Communications / RF,129.5,1230.0,25.09,11.17,36.26,1998,2005
Comsat-1A,Communications,GEO,1.8,Payload / Instruments,370.0,1476.0,58.88,19.29,78.17,1998,2005
Comsat-1A,Communications,GEO,1.9,Software,0.0,0.0,35.06,7.02,42.08,1998,2005
Comsat-1A,Communications,GEO,1.10,"Integration, Assembly & Test",0.0,0.0,27.88,12.28,40.16,1998,2005
Comsat-2B,Communications,GEO,1.1,Structures & Mechanisms,378.0,0.0,24.77,14.94,39.71,2001,2008
Comsat-2B,Communications,GEO,1.2,Thermal Control,126.0,294.0,15.48,7.47,22.95,2001,2008
Comsat-2B,Communications,GEO,1.3,Power (EPS + Solar Arrays),252.0,4410.0,30.96,16.18,47.14,2001,2008
Comsat-2B,Communications,GEO,1.4,Propulsion,210.0,98.0,21.67,11.2,32.87,2001,2008
Comsat-2B,Communications,GEO,1.5,Attitude Control (ADCS),168.0,490.0,27.87,9.96,37.83,2001,2008
Comsat-2B,Communications,GEO,1.6,Command & Data Handling,84.0,588.0,24.77,8.71,33.48,2001,2008
Comsat-2B,Communications,GEO,1.7,Communications / RF,147.0,1470.0,27.87,12.45,40.32,2001,2008
Comsat-2B,Communications,GEO,1.8,Payload / Instruments,420.0,1764.0,68.12,22.41,90.53,2001,2008
Comsat-2B,Communications,GEO,1.9,Software,0.0,0.0,40.28,8.1,48.38,2001,2008
Comsat-2B,Communications,GEO,1.10,"Integration, Assembly & Test",0.0,0.0,30.97,13.68,44.65,2001,2008
Comsat-3C,Communications,GEO,1.1,Structures & Mechanisms,441.0,0.0,29.1,17.58,46.68,2004,2011
Comsat-3C,Communications,GEO,1.2,Thermal Control,147.0,336.0,18.19,8.79,26.98,2004,2011
Comsat-3C,Communications,GEO,1.3,Power (EPS + Solar Arrays),294.0,5040.0,36.38,19.04,55.42,2004,2011
Comsat-3C,Communications,GEO,1.4,Propulsion,245.0,112.0,25.46,13.18,38.64,2004,2011
Comsat-3C,Communications,GEO,1.5,Attitude Control (ADCS),196.0,560.0,32.74,11.72,44.46,2004,2011
Comsat-3C,Communications,GEO,1.6,Command & Data Handling,98.0,672.0,29.1,10.25,39.35,2004,2011
Comsat-3C,Communications,GEO,1.7,Communications / RF,171.5,1680.0,32.74,14.65,47.39,2004,2011
Comsat-3C,Communications,GEO,1.8,Payload / Instruments,490.0,2016.0,80.03,26.37,106.4,2004,2011
Comsat-3C,Communications,GEO,1.9,Software,0.0,0.0,48.54,9.77,58.31,2004,2011
Comsat-3C,Communications,GEO,1.10,"Integration, Assembly & Test",0.0,0.0,36.38,16.11,52.49,2004,2011
Comsat-4D,Communications,GEO,1.1,Structures & Mechanisms,500.4,0.0,32.98,19.98,52.96,2007,2014
Comsat-4D,Communications,GEO,1.2,Thermal Control,166.8,405.0,20.61,9.99,30.6,2007,2014
Comsat-4D,Communications,GEO,1.3,Power (EPS + Solar Arrays),333.6,6075.0,41.23,21.65,62.88,2007,2014
Comsat-4D,Communications,GEO,1.4,Propulsion,278.0,135.0,28.86,14.99,43.85,2007,2014
Comsat-4D,Communications,GEO,1.5,Attitude Control (ADCS),222.4,675.0,37.11,13.32,50.43,2007,2014
Comsat-4D,Communications,GEO,1.6,Command & Data Handling,111.2,810.0,32.98,11.66,44.64,2007,2014
Comsat-4D,Communications,GEO,1.7,Communications / RF,194.6,2025.0,37.11,16.65,53.76,2007,2014
Comsat-4D,Communications,GEO,1.8,Payload / Instruments,556.0,2430.0,94.33,31.17,125.5,2007,2014
Comsat-4D,Communications,GEO,1.9,Software,0.0,0.0,56.2,11.35,67.55,2007,2014
Comsat-4D,Communications,GEO,1.10,"Integration, Assembly & Test",0.0,0.0,41.23,18.3,59.53,2007,2014
Comsat-5E,Communications,GEO,1.1,Structures & Mechanisms,558.0,0.0,36.06,21.87,57.93,2010,2017
Comsat-5E,Communications,GEO,1.2,Thermal Control,186.0,450.0,22.54,10.94,33.48,2010,2017
Comsat-5E,Communications,GEO,1.3,Power (EPS + Solar Arrays),372.0,6750.0,45.07,23.69,68.76,2010,2017
Comsat-5E,Communications,GEO,1.4,Propulsion,310.0,150.0,31.55,16.4,47.95,2010,2017
Comsat-5E,Communications,GEO,1.5,Attitude Control (ADCS),248.0,750.0,40.56,14.58,55.14,2010,2017
Comsat-5E,Communications,GEO,1.6,Command & Data Handling,124.0,900.0,36.06,12.76,48.82,2010,2017
Comsat-5E,Communications,GEO,1.7,Communications / RF,217.0,2250.0,40.56,18.23,58.79,2010,2017
Comsat-5E,Communications,GEO,1.8,Payload / Instruments,620.0,2700.0,103.12,34.12,137.24,2010,2017
Comsat-5E,Communications,GEO,1.9,Software,0.0,0.0,62.74,12.69,75.43,2010,2017
Comsat-5E,Communications,GEO,1.10,"Integration, Assembly & Test",0.0,0.0,45.06,20.05,65.11,2010,2017
EarthObs-1,Earth Observation,LEO,1.1,Structures & Mechanisms,122.4,0.0,7.6,4.57,12.17,1997,2003
EarthObs-1,Earth Observation,LEO,1.2,Thermal Control,40.8,33.0,4.75,2.28,7.03,1997,2003
EarthObs-1,Earth Observation,LEO,1.3,Power (EPS + Solar Arrays),81.6,495.0,9.49,4.95,14.44,1997,2003
EarthObs-1,Earth Observation,LEO,1.4,Propulsion,68.0,11.0,6.65,3.42,10.07,1997,2003
EarthObs-1,Earth Observation,LEO,1.5,Attitude Control (ADCS),54.4,55.0,8.54,3.04,11.58,1997,2003
EarthObs-1,Earth Observation,LEO,1.6,Command & Data Handling,27.2,66.0,7.6,2.66,10.26,1997,2003
EarthObs-1,Earth Observation,LEO,1.7,Communications / RF,47.6,165.0,8.54,3.8,12.34,1997,2003
EarthObs-1,Earth Observation,LEO,1.8,Payload / Instruments,136.0,198.0,21.72,7.12,28.84,1997,2003
EarthObs-1,Earth Observation,LEO,1.9,Software,0.0,0.0,11.44,2.29,13.73,1997,2003
EarthObs-1,Earth Observation,LEO,1.10,"Integration, Assembly & Test",0.0,0.0,9.49,4.2,13.69,1997,2003
EarthObs-2,Earth Observation,LEO,1.1,Structures & Mechanisms,129.6,0.0,8.01,4.82,12.83,1999,2005
EarthObs-2,Earth Observation,LEO,1.2,Thermal Control,43.2,37.5,5.0,2.41,7.41,1999,2005
EarthObs-2,Earth Observation,LEO,1.3,Power (EPS + Solar Arrays),86.4,562.5,10.01,5.23,15.24,1999,2005
EarthObs-2,Earth Observation,LEO,1.4,Propulsion,72.0,12.5,7.0,3.62,10.62,1999,2005
EarthObs-2,Earth Observation,LEO,1.5,Attitude Control (ADCS),57.6,62.5,9.01,3.22,12.23,1999,2005
EarthObs-2,Earth Observation,LEO,1.6,Command & Data Handling,28.8,75.0,8.01,2.81,10.82,1999,2005
EarthObs-2,Earth Observation,LEO,1.7,Communications / RF,50.4,187.5,9.01,4.02,13.03,1999,2005
EarthObs-2,Earth Observation,LEO,1.8,Payload / Instruments,144.0,225.0,23.78,7.81,31.59,1999,2005
EarthObs-2,Earth Observation,LEO,1.9,Software,0.0,0.0,12.2,2.45,14.65,1999,2005
EarthObs-2,Earth Observation,LEO,1.10,"Integration, Assembly & Test",0.0,0.0,9.99,4.42,14.41,1999,2005
EarthObs-3,Earth Observation,LEO,1.1,Structures & Mechanisms,145.8,0.0,9.18,5.54,14.72,2002,2008
EarthObs-3,Earth Observation,LEO,1.2,Thermal Control,48.6,42.0,5.74,2.77,8.51,2002,2008
EarthObs-3,Earth Observation,LEO,1.3,Power (EPS + Solar Arrays),97.2,630.0,11.48,6.0,17.48,2002,2008
EarthObs-3,Earth Observation,LEO,1.4,Propulsion,81.0,14.0,8.03,4.15,12.18,2002,2008
EarthObs-3,Earth Observation,LEO,1.5,Attitude Control (ADCS),64.8,70.0,10.33,3.69,14.02,2002,2008
EarthObs-3,Earth Observation,LEO,1.6,Command & Data Handling,32.4,84.0,9.18,3.23,12.41,2002,2008
EarthObs-3,Earth Observation,LEO,1.7,Communications / RF,56.7,210.0,10.33,4.61,14.94,2002,2008
EarthObs-3,Earth Observation,LEO,1.8,Payload / Instruments,162.0,252.0,27.27,8.97,36.24,2002,2008
EarthObs-3,Earth Observation,LEO,1.9,Software,0.0,0.0,14.27,2.87,17.14,2002,2008
EarthObs-3,Earth Observation,LEO,1.10,"Integration, Assembly & Test",0.0,0.0,11.46,5.08,16.54,2002,2008
EarthObs-4,Earth Observation,LEO,1.1,Structures & Mechanisms,171.0,0.0,9.86,5.96,15.82,2005,2011
EarthObs-4,Earth Observation,LEO,1.2,Thermal Control,57.0,49.5,6.16,2.98,9.14,2005,2011
EarthObs-4,Earth Observation,LEO,1.3,Power (EPS + Solar Arrays),114.0,742.5,12.33,6.46,18.79,2005,2011
EarthObs-4,Earth Observation,LEO,1.4,Propulsion,95.0,16.5,8.63,4.47,13.1,2005,2011
EarthObs-4,Earth Observation,LEO,1.5,Attitude Control (ADCS),76.0,82.5,11.09,3.98,15.07,2005,2011
EarthObs-4,Earth Observation,LEO,1.6,Command & Data Handling,38.0,99.0,9.86,3.48,13.34,2005,2011
EarthObs-4,Earth Observation,LEO,1.7,Communications / RF,66.5,247.5,11.09,4.97,16.06,2005,2011
EarthObs-4,Earth Observation,LEO,1.8,Payload / Instruments,190.0,297.0,30.37,10.02,40.39,2005,2011
EarthObs-4,Earth Observation,LEO,1.9,Software,0.0,0.0,15.68,3.16,18.84,2005,2011
EarthObs-4,Earth Observation,LEO,1.10,"Integration, Assembly & Test",0.0,0.0,12.34,5.48,17.82,2005,2011
EarthObs-5,Earth Observation,LEO,1.1,Structures & Mechanisms,189.0,0.0,11.56,7.0,18.56,2008,2014
EarthObs-5,Earth Observation,LEO,1.2,Thermal Control,63.0,57.0,7.22,3.5,10.72,2008,2014
EarthObs-5,Earth Observation,LEO,1.3,Power (EPS + Solar Arrays),126.0,855.0,14.45,7.58,22.03,2008,2014
EarthObs-5,Earth Observation,LEO,1.4,Propulsion,105.0,19.0,10.11,5.25,15.36,2008,2014
EarthObs-5,Earth Observation,LEO,1.5,Attitude Control (ADCS),84.0,95.0,13.0,4.66,17.66,2008,2014
EarthObs-5,Earth Observation,LEO,1.6,Command & Data Handling,42.0,114.0,11.56,4.08,15.64,2008,2014
EarthObs-5,Earth Observation,LEO,1.7,Communications / RF,73.5,285.0,13.0,5.83,18.83,2008,2014
EarthObs-5,Earth Observation,LEO,1.8,Payload / Instruments,210.0,342.0,35.6,11.76,47.36,2008,2014
EarthObs-5,Earth Observation,LEO,1.9,Software,0.0,0.0,18.59,3.75,22.34,2008,2014
EarthObs-5,Earth Observation,LEO,1.10,"Integration, Assembly & Test",0.0,0.0,14.46,6.41,20.87,2008,2014
EarthObs-6,Earth Observation,LEO,1.1,Structures & Mechanisms,216.0,0.0,12.73,7.72,20.45,2011,2018
EarthObs-6,Earth Observation,LEO,1.2,Thermal Control,72.0,63.0,7.96,3.86,11.82,2011,2018
EarthObs-6,Earth Observation,LEO,1.3,Power (EPS + Solar Arrays),144.0,945.0,15.91,8.37,24.28,2011,2018
EarthObs-6,Earth Observation,LEO,1.4,Propulsion,120.0,21.0,11.14,5.79,16.93,2011,2018
EarthObs-6,Earth Observation,LEO,1.5,Attitude Control (ADCS),96.0,105.0,14.32,5.15,19.47,2011,2018
EarthObs-6,Earth Observation,LEO,1.6,Command & Data Handling,48.0,126.0,12.73,4.51,17.24,2011,2018
EarthObs-6,Earth Observation,LEO,1.7,Communications / RF,84.0,315.0,14.32,6.44,20.76,2011,2018
EarthObs-6,Earth Observation,LEO,1.8,Payload / Instruments,240.0,378.0,40.61,13.44,54.05,2011,2018
EarthObs-6,Earth Observation,LEO,1.9,Software,0.0,0.0,20.78,4.2,24.98,2011,2018
EarthObs-6,Earth Observation,LEO,1.10,"Integration, Assembly & Test",0.0,0.0,15.91,7.08,22.99,2011,2018
EarthObs-7,Earth Observation,LEO,1.1,Structures & Mechanisms,248.4,0.0,12.83,7.79,20.62,2014,2021
EarthObs-7,Earth Observation,LEO,1.2,Thermal Control,82.8,72.0,8.02,3.9,11.92,2014,2021
EarthObs-7,Earth Observation,LEO,1.3,Power (EPS + Solar Arrays),165.6,1080.0,16.04,8.44,24.48,2014,2021
EarthObs-7,Earth Observation,LEO,1.4,Propulsion,138.0,24.0,11.23,5.84,17.07,2014,2021
EarthObs-7,Earth Observation,LEO,1.5,Attitude Control (ADCS),110.4,120.0,14.44,5.2,19.64,2014,2021
EarthObs-7,Earth Observation,LEO,1.6,Command & Data Handling,55.2,144.0,12.83,4.55,17.38,2014,2021
EarthObs-7,Earth Observation,LEO,1.7,Communications / RF,96.6,360.0,14.44,6.49,20.93,2014,2021
EarthObs-7,Earth Observation,LEO,1.8,Payload / Instruments,276.0,432.0,40.93,13.56,54.49,2014,2021
EarthObs-7,Earth Observation,LEO,1.9,Software,0.0,0.0,21.25,4.3,25.55,2014,2021
EarthObs-7,Earth Observation,LEO,1.10,"Integration, Assembly & Test",0.0,0.0,16.03,7.15,23.18,2014,2021
EarthObs-8,Earth Observation,LEO,1.1,Structures & Mechanisms,273.6,0.0,13.85,8.43,22.28,2017,2024
EarthObs-8,Earth Observation,LEO,1.2,Thermal Control,91.2,81.0,8.65,4.21,12.86,2017,2024
EarthObs-8,Earth Observation,LEO,1.3,Power (EPS + Solar Arrays),182.4,1215.0,17.31,9.13,26.44,2017,2024
EarthObs-8,Earth Observation,LEO,1.4,Propulsion,152.0,27.0,12.12,6.32,18.44,2017,2024
EarthObs-8,Earth Observation,LEO,1.5,Attitude Control (ADCS),121.6,135.0,15.58,5.62,21.2,2017,2024
EarthObs-8,Earth Observation,LEO,1.6,Command & Data Handling,60.8,162.0,13.85,4.92,18.77,2017,2024
EarthObs-8,Earth Observation,LEO,1.7,Communications / RF,106.4,405.0,15.58,7.02,22.6,2017,2024
EarthObs-8,Earth Observation,LEO,1.8,Payload / Instruments,304.0,486.0,45.7,15.17,60.87,2017,2024
EarthObs-8,Earth Observation,LEO,1.9,Software,0.0,0.0,23.26,4.72,27.98,2017,2024
EarthObs-8,Earth Observation,LEO,1.10,"Integration, Assembly & Test",0.0,0.0,17.3,7.74,25.04,2017,2024
NavSat-1,Navigation,MEO,1.1,Structures & Mechanisms,165.6,0.0,9.94,5.94,15.88,1999,2005
NavSat-1,Navigation,MEO,1.2,Thermal Control,55.2,54.0,6.21,2.97,9.18,1999,2005
NavSat-1,Navigation,MEO,1.3,Power (EPS + Solar Arrays),110.4,810.0,12.42,6.43,18.85,1999,2005
NavSat-1,Navigation,MEO,1.4,Propulsion,92.0,18.0,8.69,4.45,13.14,1999,2005
NavSat-1,Navigation,MEO,1.5,Attitude Control (ADCS),73.6,90.0,11.18,3.96,15.14,1999,2005
NavSat-1,Navigation,MEO,1.6,Command & Data Handling,36.8,108.0,9.94,3.46,13.4,1999,2005
NavSat-1,Navigation,MEO,1.7,Communications / RF,64.4,270.0,11.18,4.95,16.13,1999,2005
NavSat-1,Navigation,MEO,1.8,Payload / Instruments,184.0,324.0,25.14,8.2,33.34,1999,2005
NavSat-1,Navigation,MEO,1.9,Software,0.0,0.0,14.78,2.95,17.73,1999,2005
NavSat-1,Navigation,MEO,1.10,"Integration, Assembly & Test",0.0,0.0,12.41,5.45,17.86,1999,2005
NavSat-2,Navigation,MEO,1.1,Structures & Mechanisms,172.8,0.0,10.27,6.14,16.41,2001,2007
NavSat-2,Navigation,MEO,1.2,Thermal Control,57.6,55.5,6.42,3.07,9.49,2001,2007
NavSat-2,Navigation,MEO,1.3,Power (EPS + Solar Arrays),115.2,832.5,12.83,6.65,19.48,2001,2007
NavSat-2,Navigation,MEO,1.4,Propulsion,96.0,18.5,8.98,4.6,13.58,2001,2007
NavSat-2,Navigation,MEO,1.5,Attitude Control (ADCS),76.8,92.5,11.55,4.09,15.64,2001,2007
NavSat-2,Navigation,MEO,1.6,Command & Data Handling,38.4,111.0,10.27,3.58,13.85,2001,2007
NavSat-2,Navigation,MEO,1.7,Communications / RF,67.2,277.5,11.55,5.11,16.66,2001,2007
NavSat-2,Navigation,MEO,1.8,Payload / Instruments,192.0,333.0,25.97,8.47,34.44,2001,2007
NavSat-2,Navigation,MEO,1.9,Software,0.0,0.0,15.34,3.06,18.4,2001,2007
NavSat-2,Navigation,MEO,1.10,"Integration, Assembly & Test",0.0,0.0,12.82,5.63,18.45,2001,2007
NavSat-3,Navigation,MEO,1.1,Structures & Mechanisms,183.6,0.0,11.42,6.85,18.27,2003,2009
NavSat-3,Navigation,MEO,1.2,Thermal Control,61.2,58.5,7.14,3.42,10.56,2003,2009
NavSat-3,Navigation,MEO,1.3,Power (EPS + Solar Arrays),122.4,877.5,14.28,7.42,21.7,2003,2009
NavSat-3,Navigation,MEO,1.4,Propulsion,102.0,19.5,10.0,5.13,15.13,2003,2009
NavSat-3,Navigation,MEO,1.5,Attitude Control (ADCS),81.6,97.5,12.85,4.56,17.41,2003,2009
NavSat-3,Navigation,MEO,1.6,Command & Data Handling,40.8,117.0,11.42,3.99,15.41,2003,2009
NavSat-3,Navigation,MEO,1.7,Communications / RF,71.4,292.5,12.85,5.7,18.55,2003,2009
NavSat-3,Navigation,MEO,1.8,Payload / Instruments,204.0,351.0,30.16,9.86,40.02,2003,2009
NavSat-3,Navigation,MEO,1.9,Software,0.0,0.0,17.21,3.44,20.65,2003,2009
NavSat-3,Navigation,MEO,1.10,"Integration, Assembly & Test",0.0,0.0,14.29,6.28,20.57,2003,2009
NavSat-4,Navigation,MEO,1.1,Structures & Mechanisms,194.4,0.0,11.97,7.17,19.14,2006,2012
NavSat-4,Navigation,MEO,1.2,Thermal Control,64.8,61.5,7.48,3.59,11.07,2006,2012
NavSat-4,Navigation,MEO,1.3,Power (EPS + Solar Arrays),129.6,922.5,14.96,7.77,22.73,2006,2012
NavSat-4,Navigation,MEO,1.4,Propulsion,108.0,20.5,10.47,5.38,15.85,2006,2012
NavSat-4,Navigation,MEO,1.5,Attitude Control (ADCS),86.4,102.5,13.47,4.78,18.25,2006,2012
NavSat-4,Navigation,MEO,1.6,Command & Data Handling,43.2,123.0,11.97,4.18,16.15,2006,2012
NavSat-4,Navigation,MEO,1.7,Communications / RF,75.6,307.5,13.47,5.98,19.45,2006,2012
NavSat-4,Navigation,MEO,1.8,Payload / Instruments,216.0,369.0,31.6,10.33,41.93,2006,2012
NavSat-4,Navigation,MEO,1.9,Software,0.0,0.0,18.1,3.62,21.72,2006,2012
NavSat-4,Navigation,MEO,1.10,"Integration, Assembly & Test",0.0,0.0,14.97,6.58,21.55,2006,2012
NavSat-5,Navigation,MEO,1.1,Structures & Mechanisms,207.0,0.0,12.63,7.58,20.21,2009,2015
NavSat-5,Navigation,MEO,1.2,Thermal Control,69.0,66.0,7.9,3.79,11.69,2009,2015
NavSat-5,Navigation,MEO,1.3,Power (EPS + Solar Arrays),138.0,990.0,15.79,8.21,24.0,2009,2015
NavSat-5,Navigation,MEO,1.4,Propulsion,115.0,22.0,11.05,5.68,16.73,2009,2015
NavSat-5,Navigation,MEO,1.5,Attitude Control (ADCS),92.0,110.0,14.21,5.05,19.26,2009,2015
NavSat-5,Navigation,MEO,1.6,Command & Data Handling,46.0,132.0,12.63,4.42,17.05,2009,2015
NavSat-5,Navigation,MEO,1.7,Communications / RF,80.5,330.0,14.21,6.31,20.52,2009,2015
NavSat-5,Navigation,MEO,1.8,Payload / Instruments,230.0,396.0,33.35,10.91,44.26,2009,2015
NavSat-5,Navigation,MEO,1.9,Software,0.0,0.0,19.25,3.85,23.1,2009,2015
NavSat-5,Navigation,MEO,1.10,"Integration, Assembly & Test",0.0,0.0,15.82,6.94,22.76,2009,2015
WeatherSat-1,Meteorology,GEO,1.1,Structures & Mechanisms,291.6,0.0,18.11,10.95,29.06,2000,2007
WeatherSat-1,Meteorology,GEO,1.2,Thermal Control,97.2,102.0,11.32,5.47,16.79,2000,2007
WeatherSat-1,Meteorology,GEO,1.3,Power (EPS + Solar Arrays),194.4,1530.0,22.64,11.86,34.5,2000,2007
WeatherSat-1,Meteorology,GEO,1.4,Propulsion,162.0,34.0,15.84,8.21,24.05,2000,2007
WeatherSat-1,Meteorology,GEO,1.5,Attitude Control (ADCS),129.6,170.0,20.37,7.3,27.67,2000,2007
WeatherSat-1,Meteorology,GEO,1.6,Command & Data Handling,64.8,204.0,18.11,6.39,24.5,2000,2007
WeatherSat-1,Meteorology,GEO,1.7,Communications / RF,113.4,510.0,20.37,9.12,29.49,2000,2007
WeatherSat-1,Meteorology,GEO,1.8,Payload / Instruments,324.0,612.0,57.76,19.05,76.81,2000,2007
WeatherSat-1,Meteorology,GEO,1.9,Software,0.0,0.0,27.81,5.61,33.42,2000,2007
WeatherSat-1,Meteorology,GEO,1.10,"Integration, Assembly & Test",0.0,0.0,22.64,10.03,32.67,2000,2007
WeatherSat-2,Meteorology,GEO,1.1,Structures & Mechanisms,315.0,0.0,19.27,11.68,30.95,2003,2010
WeatherSat-2,Meteorology,GEO,1.2,Thermal Control,105.0,114.0,12.04,5.84,17.88,2003,2010
WeatherSat-2,Meteorology,GEO,1.3,Power (EPS + Solar Arrays),210.0,1710.0,24.09,12.65,36.74,2003,2010
WeatherSat-2,Meteorology,GEO,1.4,Propulsion,175.0,38.0,16.86,8.76,25.62,2003,2010
WeatherSat-2,Meteorology,GEO,1.5,Attitude Control (ADCS),140.0,190.0,21.68,7.78,29.46,2003,2010
WeatherSat-2,Meteorology,GEO,1.6,Command & Data Handling,70.0,228.0,19.27,6.81,26.08,2003,2010
WeatherSat-2,Meteorology,GEO,1.7,Communications / RF,122.5,570.0,21.68,9.73,31.41,2003,2010
WeatherSat-2,Meteorology,GEO,1.8,Payload / Instruments,350.0,684.0,63.59,21.02,84.61,2003,2010
WeatherSat-2,Meteorology,GEO,1.9,Software,0.0,0.0,30.06,6.07,36.13,2003,2010
WeatherSat-2,Meteorology,GEO,1.10,"Integration, Assembly & Test",0.0,0.0,24.07,10.7,34.77,2003,2010
WeatherSat-3,Meteorology,GEO,1.1,Structures & Mechanisms,342.0,0.0,20.55,12.48,33.03,2006,2013
WeatherSat-3,Meteorology,GEO,1.2,Thermal Control,114.0,126.0,12.84,6.24,19.08,2006,2013
WeatherSat-3,Meteorology,GEO,1.3,Power (EPS + Solar Arrays),228.0,1890.0,25.69,13.52,39.21,2006,2013
WeatherSat-3,Meteorology,GEO,1.4,Propulsion,190.0,42.0,17.98,9.36,27.34,2006,2013
WeatherSat-3,Meteorology,GEO,1.5,Attitude Control (ADCS),152.0,210.0,23.12,8.32,31.44,2006,2013
WeatherSat-3,Meteorology,GEO,1.6,Command & Data Handling,76.0,252.0,20.55,7.28,27.83,2006,2013
WeatherSat-3,Meteorology,GEO,1.7,Communications / RF,133.0,630.0,23.12,10.4,33.52,2006,2013
WeatherSat-3,Meteorology,GEO,1.8,Payload / Instruments,380.0,756.0,70.08,23.22,93.3,2006,2013
WeatherSat-3,Meteorology,GEO,1.9,Software,0.0,0.0,32.55,6.59,39.14,2006,2013
WeatherSat-3,Meteorology,GEO,1.10,"Integration, Assembly & Test",0.0,0.0,25.71,11.47,37.18,2006,2013
WeatherSat-4,Meteorology,GEO,1.1,Structures & Mechanisms,369.0,0.0,18.66,11.34,30.0,2009,2016
WeatherSat-4,Meteorology,GEO,1.2,Thermal Control,123.0,138.0,11.66,5.67,17.33,2009,2016
WeatherSat-4,Meteorology,GEO,1.3,Power (EPS + Solar Arrays),246.0,2070.0,23.32,12.29,35.61,2009,2016
WeatherSat-4,Meteorology,GEO,1.4,Propulsion,205.0,46.0,16.32,8.51,24.83,2009,2016
WeatherSat-4,Meteorology,GEO,1.5,Attitude Control (ADCS),164.0,230.0,20.99,7.56,28.55,2009,2016
WeatherSat-4,Meteorology,GEO,1.6,Command & Data Handling,82.0,276.0,18.66,6.62,25.28,2009,2016
WeatherSat-4,Meteorology,GEO,1.7,Communications / RF,143.5,690.0,20.99,9.45,30.44,2009,2016
WeatherSat-4,Meteorology,GEO,1.8,Payload / Instruments,410.0,828.0,63.62,21.1,84.72,2009,2016
WeatherSat-4,Meteorology,GEO,1.9,Software,0.0,0.0,30.0,6.08,36.08,2009,2016
WeatherSat-4,Meteorology,GEO,1.10,"Integration, Assembly & Test",0.0,0.0,23.32,10.4,33.72,2009,2016
WeatherSat-5,Meteorology,GEO,1.1,Structures & Mechanisms,396.0,0.0,21.11,12.86,33.97,2013,2020
WeatherSat-5,Meteorology,GEO,1.2,Thermal Control,132.0,153.0,13.19,6.43,19.62,2013,2020
WeatherSat-5,Meteorology,GEO,1.3,Power (EPS + Solar Arrays),264.0,2295.0,26.38,13.93,40.31,2013,2020
WeatherSat-5,Meteorology,GEO,1.4,Propulsion,220.0,51.0,18.47,9.65,28.12,2013,2020
WeatherSat-5,Meteorology,GEO,1.5,Attitude Control (ADCS),176.0,255.0,23.75,8.57,32.32,2013,2020
WeatherSat-5,Meteorology,GEO,1.6,Command & Data Handling,88.0,306.0,21.11,7.5,28.61,2013,2020
WeatherSat-5,Meteorology,GEO,1.7,Communications / RF,154.0,765.0,23.75,10.72,34.47,2013,2020
WeatherSat-5,Meteorology,GEO,1.8,Payload / Instruments,440.0,918.0,74.3,24.69,98.99,2013,2020
WeatherSat-5,Meteorology,GEO,1.9,Software,0.0,0.0,34.45,7.0,41.45,2013,2020
WeatherSat-5,Meteorology,GEO,1.10,"Integration, Assembly & Test",0.0,0.0,26.37,11.8,38.17,2013,2020
SciSat-1,Science,LEO,1.1,Structures & Mechanisms,75.6,0.0,6.53,3.91,10.44,1996,2002
SciSat-1,Science,LEO,1.2,Thermal Control,25.2,20.4,4.08,1.96,6.04,1996,2002
SciSat-1,Science,LEO,1.3,Power (EPS + Solar Arrays),50.4,306.0,8.17,4.24,12.41,1996,2002
SciSat-1,Science,LEO,1.4,Propulsion,42.0,6.8,5.72,2.93,8.65,1996,2002
SciSat-1,Science,LEO,1.5,Attitude Control (ADCS),33.6,34.0,7.35,2.61,9.96,1996,2002
SciSat-1,Science,LEO,1.6,Command & Data Handling,16.8,40.8,6.53,2.28,8.81,1996,2002
SciSat-1,Science,LEO,1.7,Communications / RF,29.4,102.0,7.35,3.26,10.61,1996,2002
SciSat-1,Science,LEO,1.8,Payload / Instruments,84.0,122.4,17.96,5.87,23.83,1996,2002
SciSat-1,Science,LEO,1.9,Software,0.0,0.0,9.45,1.89,11.34,1996,2002
SciSat-1,Science,LEO,1.10,"Integration, Assembly & Test",0.0,0.0,8.16,3.57,11.73,1996,2002
SciSat-2,Science,LEO,1.1,Structures & Mechanisms,86.4,0.0,7.19,4.32,11.51,1999,2005
SciSat-2,Science,LEO,1.2,Thermal Control,28.8,22.5,4.49,2.16,6.65,1999,2005
SciSat-2,Science,LEO,1.3,Power (EPS + Solar Arrays),57.6,337.5,8.99,4.68,13.67,1999,2005
SciSat-2,Science,LEO,1.4,Propulsion,48.0,7.5,6.29,3.24,9.53,1999,2005
SciSat-2,Science,LEO,1.5,Attitude Control (ADCS),38.4,37.5,8.09,2.88,10.97,1999,2005
SciSat-2,Science,LEO,1.6,Command & Data Handling,19.2,45.0,7.19,2.52,9.71,1999,2005
SciSat-2,Science,LEO,1.7,Communications / RF,33.6,112.5,8.09,3.6,11.69,1999,2005
SciSat-2,Science,LEO,1.8,Payload / Instruments,96.0,135.0,20.57,6.73,27.3,1999,2005
SciSat-2,Science,LEO,1.9,Software,0.0,0.0,10.53,2.11,12.64,1999,2005
SciSat-2,Science,LEO,1.10,"Integration, Assembly & Test",0.0,0.0,9.0,3.93,12.93,1999,2005
SciSat-3,Science,LEO,1.1,Structures & Mechanisms,95.4,0.0,6.42,3.86,10.28,2002,2008
SciSat-3,Science,LEO,1.2,Thermal Control,31.8,24.6,4.01,1.93,5.94,2002,2008
SciSat-3,Science,LEO,1.3,Power (EPS + Solar Arrays),63.6,369.0,8.03,4.18,12.21,2002,2008
SciSat-3,Science,LEO,1.4,Propulsion,53.0,8.2,5.62,2.89,8.51,2002,2008
SciSat-3,Science,LEO,1.5,Attitude Control (ADCS),42.4,41.0,7.22,2.57,9.79,2002,2008
SciSat-3,Science,LEO,1.6,Command & Data Handling,21.2,49.2,6.42,2.25,8.67,2002,2008
SciSat-3,Science,LEO,1.7,Communications / RF,37.1,123.0,7.22,3.21,10.43,2002,2008
SciSat-3,Science,LEO,1.8,Payload / Instruments,106.0,147.6,18.36,6.02,24.38,2002,2008
SciSat-3,Science,LEO,1.9,Software,0.0,0.0,9.52,1.9,11.42,2002,2008
SciSat-3,Science,LEO,1.10,"Integration, Assembly & Test",0.0,0.0,8.03,3.53,11.56,2002,2008
SciSat-4,Science,LEO,1.1,Structures & Mechanisms,106.2,0.0,6.94,4.18,11.12,2005,2011
SciSat-4,Science,LEO,1.2,Thermal Control,35.4,27.0,4.34,2.09,6.43,2005,2011
SciSat-4,Science,LEO,1.3,Power (EPS + Solar Arrays),70.8,405.0,8.68,4.53,13.21,2005,2011
SciSat-4,Science,LEO,1.4,Propulsion,59.0,9.0,6.07,3.13,9.2,2005,2011
SciSat-4,Science,LEO,1.5,Attitude Control (ADCS),47.2,45.0,7.81,2.79,10.6,2005,2011
SciSat-4,Science,LEO,1.6,Command & Data Handling,23.6,54.0,6.94,2.44,9.38,2005,2011
SciSat-4,Science,LEO,1.7,Communications / RF,41.3,135.0,7.81,3.48,11.29,2005,2011
SciSat-4,Science,LEO,1.8,Payload / Instruments,118.0,162.0,20.62,6.77,27.39,2005,2011
SciSat-4,Science,LEO,1.9,Software,0.0,0.0,10.41,2.09,12.5,2005,2011
SciSat-4,Science,LEO,1.10,"Integration, Assembly & Test",0.0,0.0,8.69,3.82,12.51,2005,2011
SciSat-5,Science,HEO,1.1,Structures & Mechanisms,117.0,0.0,7.43,4.48,11.91,2008,2014
SciSat-5,Science,HEO,1.2,Thermal Control,39.0,29.4,4.64,2.24,6.88,2008,2014
SciSat-5,Science,HEO,1.3,Power (EPS + Solar Arrays),78.0,441.0,9.29,4.85,14.14,2008,2014
SciSat-5,Science,HEO,1.4,Propulsion,65.0,9.8,6.5,3.36,9.86,2008,2014
SciSat-5,Science,HEO,1.5,Attitude Control (ADCS),52.0,49.0,8.36,2.98,11.34,2008,2014
SciSat-5,Science,HEO,1.6,Command & Data Handling,26.0,58.8,7.43,2.61,10.04,2008,2014
SciSat-5,Science,HEO,1.7,Communications / RF,45.5,147.0,8.36,3.73,12.09,2008,2014
SciSat-5,Science,HEO,1.8,Payload / Instruments,130.0,176.4,22.07,7.25,29.32,2008,2014
SciSat-5,Science,HEO,1.9,Software,0.0,0.0,11.28,2.26,13.54,2008,2014
SciSat-5,Science,HEO,1.10,"Integration, Assembly & Test",0.0,0.0,9.28,4.1,13.38,2008,2014
SciSat-6,Science,HEO,1.1,Structures & Mechanisms,129.6,0.0,8.02,4.84,12.86,2011,2017
SciSat-6,Science,HEO,1.2,Thermal Control,43.2,32.4,5.01,2.42,7.43,2011,2017
SciSat-6,Science,HEO,1.3,Power (EPS + Solar Arrays),86.4,486.0,10.02,5.24,15.26,2011,2017
SciSat-6,Science,HEO,1.4,Propulsion,72.0,10.8,7.01,3.63,10.64,2011,2017
SciSat-6,Science,HEO,1.5,Attitude Control (ADCS),57.6,54.0,9.02,3.23,12.25,2011,2017
SciSat-6,Science,HEO,1.6,Command & Data Handling,28.8,64.8,8.02,2.82,10.84,2011,2017
SciSat-6,Science,HEO,1.7,Communications / RF,50.4,162.0,9.02,4.03,13.05,2011,2017
SciSat-6,Science,HEO,1.8,Payload / Instruments,144.0,194.4,24.69,8.13,32.82,2011,2017
SciSat-6,Science,HEO,1.9,Software,0.0,0.0,12.31,2.48,14.79,2011,2017
SciSat-6,Science,HEO,1.10,"Integration, Assembly & Test",0.0,0.0,10.01,4.43,14.44,2011,2017
SciSat-7,Science,HEO,1.1,Structures & Mechanisms,145.8,0.0,9.35,5.66,15.01,2014,2020
SciSat-7,Science,HEO,1.2,Thermal Control,48.6,36.0,5.85,2.83,8.68,2014,2020
SciSat-7,Science,HEO,1.3,Power (EPS + Solar Arrays),97.2,540.0,11.69,6.13,17.82,2014,2020
SciSat-7,Science,HEO,1.4,Propulsion,81.0,12.0,8.18,4.24,12.42,2014,2020
SciSat-7,Science,HEO,1.5,Attitude Control (ADCS),64.8,60.0,10.52,3.77,14.29,2014,2020
SciSat-7,Science,HEO,1.6,Command & Data Handling,32.4,72.0,9.35,3.3,12.65,2014,2020
SciSat-7,Science,HEO,1.7,Communications / RF,56.7,180.0,10.52,4.72,15.24,2014,2020
SciSat-7,Science,HEO,1.8,Payload / Instruments,162.0,216.0,29.83,9.85,39.68,2014,2020
SciSat-7,Science,HEO,1.9,Software,0.0,0.0,14.59,2.94,17.53,2014,2020
SciSat-7,Science,HEO,1.10,"Integration, Assembly & Test",0.0,0.0,11.7,5.19,16.89,2014,2020
SciSat-8,Science,HEO,1.1,Structures & Mechanisms,163.8,0.0,9.77,5.92,15.69,2017,2023
SciSat-8,Science,HEO,1.2,Thermal Control,54.6,40.5,6.11,2.96,9.07,2017,2023
SciSat-8,Science,HEO,1.3,Power (EPS + Solar Arrays),109.2,607.5,12.21,6.41,18.62,2017,2023
SciSat-8,Science,HEO,1.4,Propulsion,91.0,13.5,8.55,4.44,12.99,2017,2023
SciSat-8,Science,HEO,1.5,Attitude Control (ADCS),72.8,67.5,10.99,3.95,14.94,2017,2023
SciSat-8,Science,HEO,1.6,Command & Data Handling,36.4,81.0,9.77,3.45,13.22,2017,2023
SciSat-8,Science,HEO,1.7,Communications / RF,63.7,202.5,10.99,4.93,15.92,2017,2023
SciSat-8,Science,HEO,1.8,Payload / Instruments,182.0,243.0,31.17,10.3,41.47,2017,2023
SciSat-8,Science,HEO,1.9,Software,0.0,0.0,15.48,3.13,18.61,2017,2023
SciSat-8,Science,HEO,1.10,"Integration, Assembly & Test",0.0,0.0,12.23,5.42,17.65,2017,2023
MilSat-1,Military Surveillance,LEO,1.1,Structures & Mechanisms,198.0,0.0,9.41,5.7,15.11,1997,2003
MilSat-1,Military Surveillance,LEO,1.2,Thermal Control,66.0,66.0,5.88,2.85,8.73,1997,2003
MilSat-1,Military Surveillance,LEO,1.3,Power (EPS + Solar Arrays),132.0,990.0,11.76,6.17,17.93,1997,2003
MilSat-1,Military Surveillance,LEO,1.4,Propulsion,110.0,22.0,8.23,4.27,12.5,1997,2003
MilSat-1,Military Surveillance,LEO,1.5,Attitude Control (ADCS),88.0,110.0,10.58,3.8,14.38,1997,2003
MilSat-1,Military Surveillance,LEO,1.6,Command & Data Handling,44.0,132.0,9.41,3.32,12.73,1997,2003
MilSat-1,Military Surveillance,LEO,1.7,Communications / RF,77.0,330.0,10.58,4.75,15.33,1997,2003
MilSat-1,Military Surveillance,LEO,1.8,Payload / Instruments,220.0,396.0,27.94,9.23,37.17,1997,2003
MilSat-1,Military Surveillance,LEO,1.9,Software,0.0,0.0,15.69,3.17,18.86,1997,2003
MilSat-1,Military Surveillance,LEO,1.10,"Integration, Assembly & Test",0.0,0.0,11.75,5.23,16.98,1997,2003
MilSat-2,Military Surveillance,LEO,1.1,Structures & Mechanisms,225.0,0.0,10.38,6.3,16.68,2000,2007
MilSat-2,Military Surveillance,LEO,1.2,Thermal Control,75.0,75.0,6.49,3.15,9.64,2000,2007
MilSat-2,Military Surveillance,LEO,1.3,Power (EPS + Solar Arrays),150.0,1125.0,12.97,6.83,19.8,2000,2007
MilSat-2,Military Surveillance,LEO,1.4,Propulsion,125.0,25.0,9.08,4.73,13.81,2000,2007
MilSat-2,Military Surveillance,LEO,1.5,Attitude Control (ADCS),100.0,125.0,11.68,4.2,15.88,2000,2007
MilSat-2,Military Surveillance,LEO,1.6,Command & Data Handling,50.0,150.0,10.38,3.68,14.06,2000,2007
MilSat-2,Military Surveillance,LEO,1.7,Communications / RF,87.5,375.0,11.68,5.25,16.93,2000,2007
MilSat-2,Military Surveillance,LEO,1.8,Payload / Instruments,250.0,450.0,31.97,10.59,42.56,2000,2007
MilSat-2,Military Surveillance,LEO,1.9,Software,0.0,0.0,17.56,3.55,21.11,2000,2007
MilSat-2,Military Surveillance,LEO,1.10,"Integration, Assembly & Test",0.0,0.0,12.96,5.78,18.74,2000,2007
MilSat-3,Military Surveillance,LEO,1.1,Structures & Mechanisms,255.6,0.0,12.01,7.31,19.32,2003,2010
MilSat-3,Military Surveillance,LEO,1.2,Thermal Control,85.2,85.5,7.51,3.65,11.16,2003,2010
MilSat-3,Military Surveillance,LEO,1.3,Power (EPS + Solar Arrays),170.4,1282.5,15.02,7.91,22.93,2003,2010
MilSat-3,Military Surveillance,LEO,1.4,Propulsion,142.0,28.5,10.51,5.48,15.99,2003,2010
MilSat-3,Military Surveillance,LEO,1.5,Attitude Control (ADCS),113.6,142.5,13.52,4.87,18.39,2003,2010
MilSat-3,Military Surveillance,LEO,1.6,Command & Data Handling,56.8,171.0,12.01,4.26,16.27,2003,2010
MilSat-3,Military Surveillance,LEO,1.7,Communications / RF,99.4,427.5,13.52,6.09,19.61,2003,2010
MilSat-3,Military Surveillance,LEO,1.8,Payload / Instruments,284.0,513.0,37.0,12.27,49.27,2003,2010
MilSat-3,Military Surveillance,LEO,1.9,Software,0.0,0.0,20.76,4.21,24.97,2003,2010
MilSat-3,Military Surveillance,LEO,1.10,"Integration, Assembly & Test",0.0,0.0,15.02,6.7,21.72,2003,2010
MilSat-4,Military Surveillance,GEO,1.1,Structures & Mechanisms,504.0,0.0,24.33,14.85,39.18,2006,2013
MilSat-4,Military Surveillance,GEO,1.2,Thermal Control,168.0,186.0,15.2,7.42,22.62,2006,2013
MilSat-4,Military Surveillance,GEO,1.3,Power (EPS + Solar Arrays),336.0,2790.0,30.41,16.09,46.5,2006,2013
MilSat-4,Military Surveillance,GEO,1.4,Propulsion,280.0,62.0,21.29,11.14,32.43,2006,2013
MilSat-4,Military Surveillance,GEO,1.5,Attitude Control (ADCS),224.0,310.0,27.37,9.9,37.27,2006,2013
MilSat-4,Military Surveillance,GEO,1.6,Command & Data Handling,112.0,372.0,24.33,8.66,32.99,2006,2013
MilSat-4,Military Surveillance,GEO,1.7,Communications / RF,196.0,930.0,27.37,12.37,39.74,2006,2013
MilSat-4,Military Surveillance,GEO,1.8,Payload / Instruments,560.0,1116.0,77.6,25.84,103.44,2006,2013
MilSat-4,Military Surveillance,GEO,1.9,Software,0.0,0.0,43.5,8.85,52.35,2006,2013
MilSat-4,Military Surveillance,GEO,1.10,"Integration, Assembly & Test",0.0,0.0,30.39,13.6,43.99,2006,2013
MilSat-5,Military Surveillance,GEO,1.1,Structures & Mechanisms,558.0,0.0,26.33,16.12,42.45,2009,2016
MilSat-5,Military Surveillance,GEO,1.2,Thermal Control,186.0,210.0,16.45,8.06,24.51,2009,2016
MilSat-5,Military Surveillance,GEO,1.3,Power (EPS + Solar Arrays),372.0,3150.0,32.91,17.46,50.37,2009,2016
MilSat-5,Military Surveillance,GEO,1.4,Propulsion,310.0,70.0,23.04,12.09,35.13,2009,2016
MilSat-5,Military Surveillance,GEO,1.5,Attitude Control (ADCS),248.0,350.0,29.62,10.74,40.36,2009,2016
MilSat-5,Military Surveillance,GEO,1.6,Command & Data Handling,124.0,420.0,26.33,9.4,35.73,2009,2016
MilSat-5,Military Surveillance,GEO,1.7,Communications / RF,217.0,1050.0,29.62,13.43,43.05,2009,2016
MilSat-5,Military Surveillance,GEO,1.8,Payload / Instruments,620.0,1260.0,86.88,29.01,115.89,2009,2016
MilSat-5,Military Surveillance,GEO,1.9,Software,0.0,0.0,48.18,9.83,58.01,2009,2016
MilSat-5,Military Surveillance,GEO,1.10,"Integration, Assembly & Test",0.0,0.0,32.89,14.76,47.65,2009,2016
MilSat-6,Military Surveillance,GEO,1.1,Structures & Mechanisms,621.0,0.0,30.74,18.85,49.59,2012,2019
MilSat-6,Military Surveillance,GEO,1.2,Thermal Control,207.0,234.0,19.21,9.42,28.63,2012,2019
MilSat-6,Military Surveillance,GEO,1.3,Power (EPS + Solar Arrays),414.0,3510.0,38.42,20.42,58.84,2012,2019
MilSat-6,Military Surveillance,GEO,1.4,Propulsion,345.0,78.0,26.9,14.13,41.03,2012,2019
MilSat-6,Military Surveillance,GEO,1.5,Attitude Control (ADCS),276.0,390.0,34.58,12.56,47.14,2012,2019
MilSat-6,Military Surveillance,GEO,1.6,Command & Data Handling,138.0,468.0,30.74,10.99,41.73,2012,2019
MilSat-6,Military Surveillance,GEO,1.7,Communications / RF,241.5,1170.0,34.58,15.7,50.28,2012,2019
MilSat-6,Military Surveillance,GEO,1.8,Payload / Instruments,690.0,1404.0,101.44,33.92,135.36,2012,2019
MilSat-6,Military Surveillance,GEO,1.9,Software,0.0,0.0,57.54,11.76,69.3,2012,2019
MilSat-6,Military Surveillance,GEO,1.10,"Integration, Assembly & Test",0.0,0.0,38.44,17.29,55.73,2012,2019
TechDemo-1,Technology Demo,LEO,1.1,Structures & Mechanisms,19.8,0.0,1.93,1.15,3.08,2005,2010
TechDemo-1,Technology Demo,LEO,1.2,Thermal Control,6.6,5.4,1.21,0.57,1.78,2005,2010
TechDemo-1,Technology Demo,LEO,1.3,Power (EPS + Solar Arrays),13.2,81.0,2.41,1.24,3.65,2005,2010
TechDemo-1,Technology Demo,LEO,1.4,Propulsion,11.0,1.8,1.69,0.86,2.55,2005,2010
TechDemo-1,Technology Demo,LEO,1.5,Attitude Control (ADCS),8.8,9.0,2.17,0.77,2.94,2005,2010
TechDemo-1,Technology Demo,LEO,1.6,Command & Data Handling,4.4,10.8,1.93,0.67,2.6,2005,2010
TechDemo-1,Technology Demo,LEO,1.7,Communications / RF,7.7,27.0,2.17,0.96,3.13,2005,2010
TechDemo-1,Technology Demo,LEO,1.8,Payload / Instruments,22.0,32.4,4.88,1.58,6.46,2005,2010
TechDemo-1,Technology Demo,LEO,1.9,Software,0.0,0.0,2.64,0.52,3.16,2005,2010
TechDemo-1,Technology Demo,LEO,1.10,"Integration, Assembly & Test",0.0,0.0,2.41,1.06,3.47,2005,2010
TechDemo-2,Technology Demo,LEO,1.1,Structures & Mechanisms,26.1,0.0,2.29,1.37,3.66,2007,2012
TechDemo-2,Technology Demo,LEO,1.2,Thermal Control,8.7,6.9,1.43,0.68,2.11,2007,2012
TechDemo-2,Technology Demo,LEO,1.3,Power (EPS + Solar Arrays),17.4,103.5,2.86,1.48,4.34,2007,2012
TechDemo-2,Technology Demo,LEO,1.4,Propulsion,14.5,2.3,2.01,1.02,3.03,2007,2012
TechDemo-2,Technology Demo,LEO,1.5,Attitude Control (ADCS),11.6,11.5,2.58,0.91,3.49,2007,2012
TechDemo-2,Technology Demo,LEO,1.6,Command & Data Handling,5.8,13.8,2.29,0.8,3.09,2007,2012
TechDemo-2,Technology Demo,LEO,1.7,Communications / RF,10.2,34.5,2.58,1.14,3.72,2007,2012
TechDemo-2,Technology Demo,LEO,1.8,Payload / Instruments,29.0,41.4,6.05,1.97,8.02,2007,2012
TechDemo-2,Technology Demo,LEO,1.9,Software,0.0,0.0,3.18,0.63,3.81,2007,2012
TechDemo-2,Technology Demo,LEO,1.10,"Integration, Assembly & Test",0.0,0.0,2.86,1.25,4.11,2007,2012
TechDemo-3,Technology Demo,LEO,1.1,Structures & Mechanisms,34.2,0.0,2.25,1.34,3.59,2009,2014
TechDemo-3,Technology Demo,LEO,1.2,Thermal Control,11.4,9.0,1.4,0.67,2.07,2009,2014
TechDemo-3,Technology Demo,LEO,1.3,Power (EPS + Solar Arrays),22.8,135.0,2.81,1.45,4.26,2009,2014
TechDemo-3,Technology Demo,LEO,1.4,Propulsion,19.0,3.0,1.97,1.01,2.98,2009,2014
TechDemo-3,Technology Demo,LEO,1.5,Attitude Control (ADCS),15.2,15.0,2.53,0.89,3.42,2009,2014
TechDemo-3,Technology Demo,LEO,1.6,Command & Data Handling,7.6,18.0,2.25,0.78,3.03,2009,2014
TechDemo-3,Technology Demo,LEO,1.7,Communications / RF,13.3,45.0,2.53,1.12,3.65,2009,2014
TechDemo-3,Technology Demo,LEO,1.8,Payload / Instruments,38.0,54.0,5.93,1.93,7.86,2009,2014
TechDemo-3,Technology Demo,LEO,1.9,Software,0.0,0.0,3.16,0.63,3.79,2009,2014
TechDemo-3,Technology Demo,LEO,1.10,"Integration, Assembly & Test",0.0,0.0,2.8,1.23,4.03,2009,2014
TechDemo-4,Technology Demo,LEO,1.1,Structures & Mechanisms,43.2,0.0,3.01,1.8,4.81,2011,2016
TechDemo-4,Technology Demo,LEO,1.2,Thermal Control,14.4,11.4,1.88,0.9,2.78,2011,2016
TechDemo-4,Technology Demo,LEO,1.3,Power (EPS + Solar Arrays),28.8,171.0,3.77,1.95,5.72,2011,2016
TechDemo-4,Technology Demo,LEO,1.4,Propulsion,24.0,3.8,2.64,1.35,3.99,2011,2016
TechDemo-4,Technology Demo,LEO,1.5,Attitude Control (ADCS),19.2,19.0,3.39,1.2,4.59,2011,2016
TechDemo-4,Technology Demo,LEO,1.6,Command & Data Handling,9.6,22.8,3.01,1.05,4.06,2011,2016
TechDemo-4,Technology Demo,LEO,1.7,Communications / RF,16.8,57.0,3.39,1.5,4.89,2011,2016
TechDemo-4,Technology Demo,LEO,1.8,Payload / Instruments,48.0,68.4,8.29,2.7,10.99,2011,2016
TechDemo-4,Technology Demo,LEO,1.9,Software,0.0,0.0,4.29,0.85,5.14,2011,2016
TechDemo-4,Technology Demo,LEO,1.10,"Integration, Assembly & Test",0.0,0.0,3.77,1.68,5.45,2011,2016
TechDemo-5,Technology Demo,LEO,1.1,Structures & Mechanisms,55.8,0.0,3.72,2.23,5.95,2013,2018
TechDemo-5,Technology Demo,LEO,1.2,Thermal Control,18.6,14.4,2.33,1.11,3.44,2013,2018
TechDemo-5,Technology Demo,LEO,1.3,Power (EPS + Solar Arrays),37.2,216.0,4.65,2.42,7.07,2013,2018
TechDemo-5,Technology Demo,LEO,1.4,Propulsion,31.0,4.8,3.26,1.67,4.93,2013,2018
TechDemo-5,Technology Demo,LEO,1.5,Attitude Control (ADCS),24.8,24.0,4.19,1.49,5.68,2013,2018
TechDemo-5,Technology Demo,LEO,1.6,Command & Data Handling,12.4,28.8,3.72,1.3,5.02,2013,2018
TechDemo-5,Technology Demo,LEO,1.7,Communications / RF,21.7,72.0,4.19,1.86,6.05,2013,2018
TechDemo-5,Technology Demo,LEO,1.8,Payload / Instruments,62.0,86.4,10.24,3.34,13.58,2013,2018
TechDemo-5,Technology Demo,LEO,1.9,Software,0.0,0.0,5.38,1.07,6.45,2013,2018
TechDemo-5,Technology Demo,LEO,1.10,"Integration, Assembly & Test",0.0,0.0,4.66,2.05,6.71,2013,2018
SmallSat-1,Communications,LEO,1.1,Structures & Mechanisms,7.6,0.0,0.97,0.58,1.55,2015,2020
SmallSat-1,Communications,LEO,1.2,Thermal Control,2.5,2.9,0.61,0.29,0.9,2015,2020
SmallSat-1,Communications,LEO,1.3,Power (EPS + Solar Arrays),5.0,42.8,1.22,0.63,1.85,2015,2020
SmallSat-1,Communications,LEO,1.4,Propulsion,4.2,1.0,0.85,0.43,1.28,2015,2020
SmallSat-1,Communications,LEO,1.5,Attitude Control (ADCS),3.4,4.8,1.1,0.39,1.49,2015,2020
SmallSat-1,Communications,LEO,1.6,Command & Data Handling,1.7,5.7,0.97,0.34,1.31,2015,2020
SmallSat-1,Communications,LEO,1.7,Communications / RF,2.9,14.2,1.1,0.48,1.58,2015,2020
SmallSat-1,Communications,LEO,1.8,Payload / Instruments,8.4,17.1,2.36,0.76,3.12,2015,2020
SmallSat-1,Communications,LEO,1.9,Software,0.0,0.0,1.31,0.26,1.57,2015,2020
SmallSat-1,Communications,LEO,1.10,"Integration, Assembly & Test",0.0,0.0,1.21,0.52,1.73,2015,2020
SmallSat-2,Communications,LEO,1.1,Structures & Mechanisms,9.9,0.0,1.22,0.72,1.94,2016,2021
SmallSat-2,Communications,LEO,1.2,Thermal Control,3.3,3.6,0.76,0.36,1.12,2016,2021
SmallSat-2,Communications,LEO,1.3,Power (EPS + Solar Arrays),6.6,54.0,1.52,0.78,2.3,2016,2021
SmallSat-2,Communications,LEO,1.4,Propulsion,5.5,1.2,1.06,0.54,1.6,2016,2021
SmallSat-2,Communications,LEO,1.5,Attitude Control (ADCS),4.4,6.0,1.37,0.48,1.85,2016,2021
SmallSat-2,Communications,LEO,1.6,Command & Data Handling,2.2,7.2,1.22,0.42,1.64,2016,2021
SmallSat-2,Communications,LEO,1.7,Communications / RF,3.9,18.0,1.37,0.6,1.97,2016,2021
SmallSat-2,Communications,LEO,1.8,Payload / Instruments,11.0,21.6,2.94,0.95,3.89,2016,2021
SmallSat-2,Communications,LEO,1.9,Software,0.0,0.0,1.64,0.33,1.97,2016,2021
SmallSat-2,Communications,LEO,1.10,"Integration, Assembly & Test",0.0,0.0,1.51,0.66,2.17,2016,2021
SmallSat-3,Earth Observation,LEO,1.1,Structures & Mechanisms,12.2,0.0,1.43,0.85,2.28,2017,2022
SmallSat-3,Earth Observation,LEO,1.2,Thermal Control,4.1,4.3,0.9,0.43,1.33,2017,2022
SmallSat-3,Earth Observation,LEO,1.3,Power (EPS + Solar Arrays),8.2,65.2,1.79,0.92,2.71,2017,2022
SmallSat-3,Earth Observation,LEO,1.4,Propulsion,6.8,1.4,1.25,0.64,1.89,2017,2022
SmallSat-3,Earth Observation,LEO,1.5,Attitude Control (ADCS),5.4,7.2,1.61,0.57,2.18,2017,2022
SmallSat-3,Earth Observation,LEO,1.6,Command & Data Handling,2.7,8.7,1.43,0.5,1.93,2017,2022
SmallSat-3,Earth Observation,LEO,1.7,Communications / RF,4.8,21.8,1.61,0.71,2.32,2017,2022
SmallSat-3,Earth Observation,LEO,1.8,Payload / Instruments,13.6,26.1,3.63,1.18,4.81,2017,2022
SmallSat-3,Earth Observation,LEO,1.9,Software,0.0,0.0,1.95,0.39,2.34,2017,2022
SmallSat-3,Earth Observation,LEO,1.10,"Integration, Assembly & Test",0.0,0.0,1.81,0.77,2.58,2017,2022
SmallSat-4,Earth Observation,LEO,1.1,Structures & Mechanisms,14.8,0.0,1.24,0.74,1.98,2018,2023
SmallSat-4,Earth Observation,LEO,1.2,Thermal Control,4.9,5.1,0.78,0.37,1.15,2018,2023
SmallSat-4,Earth Observation,LEO,1.3,Power (EPS + Solar Arrays),9.8,76.5,1.55,0.8,2.35,2018,2023
SmallSat-4,Earth Observation,LEO,1.4,Propulsion,8.2,1.7,1.09,0.55,1.64,2018,2023
SmallSat-4,Earth Observation,LEO,1.5,Attitude Control (ADCS),6.6,8.5,1.4,0.49,1.89,2018,2023
SmallSat-4,Earth Observation,LEO,1.6,Command & Data Handling,3.3,10.2,1.24,0.43,1.67,2018,2023
SmallSat-4,Earth Observation,LEO,1.7,Communications / RF,5.7,25.5,1.4,0.62,2.02,2018,2023
SmallSat-4,Earth Observation,LEO,1.8,Payload / Instruments,16.4,30.6,3.14,1.02,4.16,2018,2023
SmallSat-4,Earth Observation,LEO,1.9,Software,0.0,0.0,1.7,0.34,2.04,2018,2023
SmallSat-4,Earth Observation,LEO,1.10,"Integration, Assembly & Test",0.0,0.0,1.54,0.67,2.21,2018,2023
SmallSat-5,Earth Observation,LEO,1.1,Structures & Mechanisms,17.6,0.0,1.58,0.94,2.52,2019,2024
SmallSat-5,Earth Observation,LEO,1.2,Thermal Control,5.9,6.0,0.99,0.47,1.46,2019,2024
SmallSat-5,Earth Observation,LEO,1.3,Power (EPS + Solar Arrays),11.8,90.0,1.97,1.02,2.99,2019,2024
SmallSat-5,Earth Observation,LEO,1.4,Propulsion,9.8,2.0,1.38,0.71,2.09,2019,2024
SmallSat-5,Earth Observation,LEO,1.5,Attitude Control (ADCS),7.8,10.0,1.77,0.63,2.4,2019,2024
SmallSat-5,Earth Observation,LEO,1.6,Command & Data Handling,3.9,12.0,1.58,0.55,2.13,2019,2024
SmallSat-5,Earth Observation,LEO,1.7,Communications / RF,6.9,30.0,1.77,0.78,2.55,2019,2024
SmallSat-5,Earth Observation,LEO,1.8,Payload / Instruments,19.6,36.0,4.16,1.35,5.51,2019,2024
SmallSat-5,Earth Observation,LEO,1.9,Software,0.0,0.0,2.17,0.43,2.6,2019,2024
SmallSat-5,Earth Observation,LEO,1.10,"Integration, Assembly & Test",0.0,0.0,1.97,0.86,2.83,2019,2024
DeepSpace-1,Science,Interplanetary,1.1,Structures & Mechanisms,104.4,0.0,8.83,5.34,14.17,2003,2009
DeepSpace-1,Science,Interplanetary,1.2,Thermal Control,34.8,24.6,5.52,2.67,8.19,2003,2009
DeepSpace-1,Science,Interplanetary,1.3,Power (EPS + Solar Arrays),69.6,369.0,11.04,5.79,16.83,2003,2009
DeepSpace-1,Science,Interplanetary,1.4,Propulsion,58.0,8.2,7.72,4.01,11.73,2003,2009
DeepSpace-1,Science,Interplanetary,1.5,Attitude Control (ADCS),46.4,41.0,9.93,3.56,13.49,2003,2009
DeepSpace-1,Science,Interplanetary,1.6,Command & Data Handling,23.2,49.2,8.83,3.12,11.95,2003,2009
DeepSpace-1,Science,Interplanetary,1.7,Communications / RF,40.6,123.0,9.93,4.45,14.38,2003,2009
DeepSpace-1,Science,Interplanetary,1.8,Payload / Instruments,116.0,147.6,27.19,8.98,36.17,2003,2009
DeepSpace-1,Science,Interplanetary,1.9,Software,0.0,0.0,14.2,2.86,17.06,2003,2009
DeepSpace-1,Science,Interplanetary,1.10,"Integration, Assembly & Test",0.0,0.0,11.03,4.91,15.94,2003,2009
DeepSpace-2,Science,Interplanetary,1.1,Structures & Mechanisms,129.6,0.0,11.21,6.81,18.02,2007,2013
DeepSpace-2,Science,Interplanetary,1.2,Thermal Control,43.2,30.6,7.01,3.4,10.41,2007,2013
DeepSpace-2,Science,Interplanetary,1.3,Power (EPS + Solar Arrays),86.4,459.0,14.01,7.38,21.39,2007,2013
DeepSpace-2,Science,Interplanetary,1.4,Propulsion,72.0,10.2,9.81,5.11,14.92,2007,2013
DeepSpace-2,Science,Interplanetary,1.5,Attitude Control (ADCS),57.6,51.0,12.61,4.54,17.15,2007,2013
DeepSpace-2,Science,Interplanetary,1.6,Command & Data Handling,28.8,61.2,11.21,3.97,15.18,2007,2013
DeepSpace-2,Science,Interplanetary,1.7,Communications / RF,50.4,153.0,12.61,5.67,18.28,2007,2013
DeepSpace-2,Science,Interplanetary,1.8,Payload / Instruments,144.0,183.6,35.76,11.85,47.61,2007,2013
DeepSpace-2,Science,Interplanetary,1.9,Software,0.0,0.0,18.57,3.76,22.33,2007,2013
DeepSpace-2,Science,Interplanetary,1.10,"Integration, Assembly & Test",0.0,0.0,14.02,6.24,20.26,2007,2013
DeepSpace-3,Science,Interplanetary,1.1,Structures & Mechanisms,160.2,0.0,10.39,6.33,16.72,2012,2018
DeepSpace-3,Science,Interplanetary,1.2,Thermal Control,53.4,37.5,6.49,3.16,9.65,2012,2018
DeepSpace-3,Science,Interplanetary,1.3,Power (EPS + Solar Arrays),106.8,562.5,12.98,6.86,19.84,2012,2018
DeepSpace-3,Science,Interplanetary,1.4,Propulsion,89.0,12.5,9.09,4.75,13.84,2012,2018
DeepSpace-3,Science,Interplanetary,1.5,Attitude Control (ADCS),71.2,62.5,11.68,4.22,15.9,2012,2018
DeepSpace-3,Science,Interplanetary,1.6,Command & Data Handling,35.6,75.0,10.39,3.69,14.08,2012,2018
DeepSpace-3,Science,Interplanetary,1.7,Communications / RF,62.3,187.5,11.68,5.27,16.95,2012,2018
DeepSpace-3,Science,Interplanetary,1.8,Payload / Instruments,178.0,225.0,34.27,11.39,45.66,2012,2018
DeepSpace-3,Science,Interplanetary,1.9,Software,0.0,0.0,17.7,3.59,21.29,2012,2018
DeepSpace-3,Science,Interplanetary,1.10,"Integration, Assembly & Test",0.0,0.0,12.98,5.8,18.78,2012,2018
